Copyright 1986-2022 Xilinx, Inc. All Rights Reserved. Copyright 2022-2025 Advanced Micro Devices, Inc. All Rights Reserved.
---------------------------------------------------------------------------------------------------------------------------------------------------------------------------------------------------------------------------------------
| Tool Version : Vivado v.2025.1 (win64) Build 6140274 Thu May 22 00:12:29 MDT 2025
| Date         : Mon Oct 13 09:21:34 2025
| Host         : DESKTOP-E9HN8NO running 64-bit major release  (build 9200)
| Command      : report_timing_summary -max_paths 10 -routable_nets -report_unconstrained -file mips_fpga_timing_summary_routed.rpt -pb mips_fpga_timing_summary_routed.pb -rpx mips_fpga_timing_summary_routed.rpx -warn_on_violation
| Design       : mips_fpga
| Device       : 7a12ti-csg325
| Speed File   : -1L  PRODUCTION 1.23 2018-06-13
| Design State : Routed
---------------------------------------------------------------------------------------------------------------------------------------------------------------------------------------------------------------------------------------

Timing Summary Report

------------------------------------------------------------------------------------------------
| Timer Settings
| --------------
------------------------------------------------------------------------------------------------

  Enable Multi Corner Analysis               :  Yes
  Enable Pessimism Removal                   :  Yes
  Pessimism Removal Resolution               :  Nearest Common Node
  Enable Input Delay Default Clock           :  No
  Enable Preset / Clear Arcs                 :  No
  Disable Flight Delays                      :  No
  Ignore I/O Paths                           :  No
  Timing Early Launch at Borrowing Latches   :  No
  Borrow Time for Max Delay Exceptions       :  Yes
  Merge Timing Exceptions                    :  Yes
  Inter-SLR Compensation                     :  Conservative

  Corner  Analyze    Analyze    
  Name    Max Paths  Min Paths  
  ------  ---------  ---------  
  Slow    Yes        Yes        
  Fast    Yes        Yes        


------------------------------------------------------------------------------------------------
| Report Methodology
| ------------------
------------------------------------------------------------------------------------------------

Rule       Severity          Description                    Violations  
---------  ----------------  -----------------------------  ----------  
TIMING-17  Critical Warning  Non-clocked sequential cell    213         
TIMING-18  Warning           Missing input or output delay  18          

Note: This report is based on the most recent report_methodology run and may not be up-to-date. Run report_methodology on the current design for the latest report.



check_timing report

Table of Contents
-----------------
1. checking no_clock (213)
2. checking constant_clock (0)
3. checking pulse_width_clock (0)
4. checking unconstrained_internal_endpoints (965)
5. checking no_input_delay (11)
6. checking no_output_delay (12)
7. checking multiple_clock (0)
8. checking generated_clocks (0)
9. checking loops (0)
10. checking partial_input_delay (0)
11. checking partial_output_delay (0)
12. checking latch_loops (0)

1. checking no_clock (213)
--------------------------
 There are 194 register/latch pins with no clock driven by root clock pin: bd/debounced_button_reg/Q (HIGH)

 There are 19 register/latch pins with no clock driven by root clock pin: clk_gen/clk_5KHz_reg/Q (HIGH)


2. checking constant_clock (0)
------------------------------
 There are 0 register/latch pins with constant_clock.


3. checking pulse_width_clock (0)
---------------------------------
 There are 0 register/latch pins which need pulse_width check


4. checking unconstrained_internal_endpoints (965)
--------------------------------------------------
 There are 965 pins that are not constrained for maximum delay. (HIGH)

 There are 0 pins that are not constrained for maximum delay due to constant clock.


5. checking no_input_delay (11)
-------------------------------
 There are 11 input ports with no input delay specified. (HIGH)

 There are 0 input ports with no input delay but user has a false path constraint.


6. checking no_output_delay (12)
--------------------------------
 There are 12 ports with no output delay specified. (HIGH)

 There are 0 ports with no output delay but user has a false path constraint

 There are 0 ports with no output delay but with a timing clock defined on it or propagating through it


7. checking multiple_clock (0)
------------------------------
 There are 0 register/latch pins with multiple clocks.


8. checking generated_clocks (0)
--------------------------------
 There are 0 generated clocks that are not connected to a clock source.


9. checking loops (0)
---------------------
 There are 0 combinational loops in the design.


10. checking partial_input_delay (0)
------------------------------------
 There are 0 input ports with partial input delay specified.


11. checking partial_output_delay (0)
-------------------------------------
 There are 0 ports with partial output delay specified.


12. checking latch_loops (0)
----------------------------
 There are 0 combinational latch loops in the design through latch input



------------------------------------------------------------------------------------------------
| Design Timing Summary
| ---------------------
------------------------------------------------------------------------------------------------

    WNS(ns)      TNS(ns)  TNS Failing Endpoints  TNS Total Endpoints      WHS(ns)      THS(ns)  THS Failing Endpoints  THS Total Endpoints     WPWS(ns)     TPWS(ns)  TPWS Failing Endpoints  TPWS Total Endpoints  
    -------      -------  ---------------------  -------------------      -------      -------  ---------------------  -------------------     --------     --------  ----------------------  --------------------  
      4.895        0.000                      0                   33        0.265        0.000                      0                   33        4.500        0.000                       0                    50  


All user specified timing constraints are met.


------------------------------------------------------------------------------------------------
| Clock Summary
| -------------
------------------------------------------------------------------------------------------------

Clock        Waveform(ns)       Period(ns)      Frequency(MHz)
-----        ------------       ----------      --------------
sys_clk_pin  {0.000 5.000}      10.000          100.000         


------------------------------------------------------------------------------------------------
| Intra Clock Table
| -----------------
------------------------------------------------------------------------------------------------

Clock             WNS(ns)      TNS(ns)  TNS Failing Endpoints  TNS Total Endpoints      WHS(ns)      THS(ns)  THS Failing Endpoints  THS Total Endpoints     WPWS(ns)     TPWS(ns)  TPWS Failing Endpoints  TPWS Total Endpoints  
-----             -------      -------  ---------------------  -------------------      -------      -------  ---------------------  -------------------     --------     --------  ----------------------  --------------------  
sys_clk_pin         4.895        0.000                      0                   33        0.265        0.000                      0                   33        4.500        0.000                       0                    50  


------------------------------------------------------------------------------------------------
| Inter Clock Table
| -----------------
------------------------------------------------------------------------------------------------

From Clock    To Clock          WNS(ns)      TNS(ns)  TNS Failing Endpoints  TNS Total Endpoints      WHS(ns)      THS(ns)  THS Failing Endpoints  THS Total Endpoints  
----------    --------          -------      -------  ---------------------  -------------------      -------      -------  ---------------------  -------------------  


------------------------------------------------------------------------------------------------
| Other Path Groups Table
| -----------------------
------------------------------------------------------------------------------------------------

Path Group    From Clock    To Clock          WNS(ns)      TNS(ns)  TNS Failing Endpoints  TNS Total Endpoints      WHS(ns)      THS(ns)  THS Failing Endpoints  THS Total Endpoints  
----------    ----------    --------          -------      -------  ---------------------  -------------------      -------      -------  ---------------------  -------------------  


------------------------------------------------------------------------------------------------
| User Ignored Path Table
| -----------------------
------------------------------------------------------------------------------------------------

Path Group    From Clock    To Clock    
----------    ----------    --------    


------------------------------------------------------------------------------------------------
| Unconstrained Path Table
| ------------------------
------------------------------------------------------------------------------------------------

Path Group    From Clock    To Clock    
----------    ----------    --------    
(none)                                    
(none)        sys_clk_pin                 
(none)                      sys_clk_pin   


------------------------------------------------------------------------------------------------
| Timing Details
| --------------
------------------------------------------------------------------------------------------------


---------------------------------------------------------------------------------------------------
From Clock:  sys_clk_pin
  To Clock:  sys_clk_pin

Setup :            0  Failing Endpoints,  Worst Slack        4.895ns,  Total Violation        0.000ns
Hold  :            0  Failing Endpoints,  Worst Slack        0.265ns,  Total Violation        0.000ns
PW    :            0  Failing Endpoints,  Worst Slack        4.500ns,  Total Violation        0.000ns
---------------------------------------------------------------------------------------------------


Max Delay Paths
--------------------------------------------------------------------------------------
Slack (MET) :             4.895ns  (required time - arrival time)
  Source:                 clk_gen/count2_reg[4]/C
                            (rising edge-triggered cell FDRE clocked by sys_clk_pin  {rise@0.000ns fall@5.000ns period=10.000ns})
  Destination:            clk_gen/count2_reg[30]/D
                            (rising edge-triggered cell FDRE clocked by sys_clk_pin  {rise@0.000ns fall@5.000ns period=10.000ns})
  Path Group:             sys_clk_pin
  Path Type:              Setup (Max at Slow Process Corner)
  Requirement:            10.000ns  (sys_clk_pin rise@10.000ns - sys_clk_pin rise@0.000ns)
  Data Path Delay:        5.157ns  (logic 2.291ns (44.427%)  route 2.866ns (55.573%))
  Logic Levels:           11  (CARRY4=8 LUT4=1 LUT5=2)
  Clock Path Skew:        -0.022ns (DCD - SCD + CPR)
    Destination Clock Delay (DCD):    4.312ns = ( 14.312 - 10.000 ) 
    Source Clock Delay      (SCD):    4.669ns
    Clock Pessimism Removal (CPR):    0.335ns
  Clock Uncertainty:      0.035ns  ((TSJ^2 + TIJ^2)^1/2 + DJ) / 2 + PE
    Total System Jitter     (TSJ):    0.071ns
    Total Input Jitter      (TIJ):    0.000ns
    Discrete Jitter          (DJ):    0.000ns
    Phase Error              (PE):    0.000ns

    Location             Delay type                Incr(ns)  Path(ns)    Netlist Resource(s)
  -------------------------------------------------------------------    -------------------
                         (clock sys_clk_pin rise edge)
                                                      0.000     0.000 r  
    D13                                               0.000     0.000 r  clk (IN)
                         net (fo=0)                   0.000     0.000    clk
    D13                  IBUF (Prop_ibuf_I_O)         0.977     0.977 r  clk_IBUF_inst/O
                         net (fo=1, routed)           1.966     2.942    clk_IBUF
    BUFGCTRL_X0Y16       BUFG (Prop_bufg_I_O)         0.096     3.038 r  clk_IBUF_BUFG_inst/O
                         net (fo=49, routed)          1.630     4.669    clk_gen/clk_IBUF_BUFG
    SLICE_X2Y40          FDRE                                         r  clk_gen/count2_reg[4]/C
  -------------------------------------------------------------------    -------------------
    SLICE_X2Y40          FDRE (Prop_fdre_C_Q)         0.518     5.187 f  clk_gen/count2_reg[4]/Q
                         net (fo=2, routed)           0.808     5.995    clk_gen/count2_reg_n_0_[4]
    SLICE_X3Y41          LUT4 (Prop_lut4_I0_O)        0.124     6.119 r  clk_gen/count20_carry_i_8/O
                         net (fo=1, routed)           0.776     6.896    clk_gen/count20_carry_i_8_n_0
    SLICE_X3Y44          LUT5 (Prop_lut5_I4_O)        0.124     7.020 r  clk_gen/count20_carry_i_4/O
                         net (fo=6, routed)           1.281     8.301    clk_gen/count20_carry_i_4_n_0
    SLICE_X2Y40          LUT5 (Prop_lut5_I3_O)        0.124     8.425 r  clk_gen/count20_carry_i_1/O
                         net (fo=1, routed)           0.000     8.425    clk_gen/count2[4]
    SLICE_X2Y40          CARRY4 (Prop_carry4_S[3]_CO[3])
                                                      0.376     8.801 r  clk_gen/count20_carry/CO[3]
                         net (fo=1, routed)           0.000     8.801    clk_gen/count20_carry_n_0
    SLICE_X2Y41          CARRY4 (Prop_carry4_CI_CO[3])
                                                      0.117     8.918 r  clk_gen/count20_carry__0/CO[3]
                         net (fo=1, routed)           0.000     8.918    clk_gen/count20_carry__0_n_0
    SLICE_X2Y42          CARRY4 (Prop_carry4_CI_CO[3])
                                                      0.117     9.035 r  clk_gen/count20_carry__1/CO[3]
                         net (fo=1, routed)           0.000     9.035    clk_gen/count20_carry__1_n_0
    SLICE_X2Y43          CARRY4 (Prop_carry4_CI_CO[3])
                                                      0.117     9.152 r  clk_gen/count20_carry__2/CO[3]
                         net (fo=1, routed)           0.000     9.152    clk_gen/count20_carry__2_n_0
    SLICE_X2Y44          CARRY4 (Prop_carry4_CI_CO[3])
                                                      0.117     9.269 r  clk_gen/count20_carry__3/CO[3]
                         net (fo=1, routed)           0.000     9.269    clk_gen/count20_carry__3_n_0
    SLICE_X2Y45          CARRY4 (Prop_carry4_CI_CO[3])
                                                      0.117     9.386 r  clk_gen/count20_carry__4/CO[3]
                         net (fo=1, routed)           0.000     9.386    clk_gen/count20_carry__4_n_0
    SLICE_X2Y46          CARRY4 (Prop_carry4_CI_CO[3])
                                                      0.117     9.503 r  clk_gen/count20_carry__5/CO[3]
                         net (fo=1, routed)           0.000     9.503    clk_gen/count20_carry__5_n_0
    SLICE_X2Y47          CARRY4 (Prop_carry4_CI_O[1])
                                                      0.323     9.826 r  clk_gen/count20_carry__6/O[1]
                         net (fo=1, routed)           0.000     9.826    clk_gen/count20_carry__6_n_6
    SLICE_X2Y47          FDRE                                         r  clk_gen/count2_reg[30]/D
  -------------------------------------------------------------------    -------------------

                         (clock sys_clk_pin rise edge)
                                                     10.000    10.000 r  
    D13                                               0.000    10.000 r  clk (IN)
                         net (fo=0)                   0.000    10.000    clk
    D13                  IBUF (Prop_ibuf_I_O)         0.843    10.843 r  clk_IBUF_inst/O
                         net (fo=1, routed)           1.862    12.705    clk_IBUF
    BUFGCTRL_X0Y16       BUFG (Prop_bufg_I_O)         0.091    12.796 r  clk_IBUF_BUFG_inst/O
                         net (fo=49, routed)          1.515    14.312    clk_gen/clk_IBUF_BUFG
    SLICE_X2Y47          FDRE                                         r  clk_gen/count2_reg[30]/C
                         clock pessimism              0.335    14.647    
                         clock uncertainty           -0.035    14.612    
    SLICE_X2Y47          FDRE (Setup_fdre_C_D)        0.109    14.721    clk_gen/count2_reg[30]
  -------------------------------------------------------------------
                         required time                         14.721    
                         arrival time                          -9.826    
  -------------------------------------------------------------------
                         slack                                  4.895    

Slack (MET) :             4.979ns  (required time - arrival time)
  Source:                 clk_gen/count2_reg[4]/C
                            (rising edge-triggered cell FDRE clocked by sys_clk_pin  {rise@0.000ns fall@5.000ns period=10.000ns})
  Destination:            clk_gen/count2_reg[31]/D
                            (rising edge-triggered cell FDRE clocked by sys_clk_pin  {rise@0.000ns fall@5.000ns period=10.000ns})
  Path Group:             sys_clk_pin
  Path Type:              Setup (Max at Slow Process Corner)
  Requirement:            10.000ns  (sys_clk_pin rise@10.000ns - sys_clk_pin rise@0.000ns)
  Data Path Delay:        5.073ns  (logic 2.207ns (43.506%)  route 2.866ns (56.494%))
  Logic Levels:           11  (CARRY4=8 LUT4=1 LUT5=2)
  Clock Path Skew:        -0.022ns (DCD - SCD + CPR)
    Destination Clock Delay (DCD):    4.312ns = ( 14.312 - 10.000 ) 
    Source Clock Delay      (SCD):    4.669ns
    Clock Pessimism Removal (CPR):    0.335ns
  Clock Uncertainty:      0.035ns  ((TSJ^2 + TIJ^2)^1/2 + DJ) / 2 + PE
    Total System Jitter     (TSJ):    0.071ns
    Total Input Jitter      (TIJ):    0.000ns
    Discrete Jitter          (DJ):    0.000ns
    Phase Error              (PE):    0.000ns

    Location             Delay type                Incr(ns)  Path(ns)    Netlist Resource(s)
  -------------------------------------------------------------------    -------------------
                         (clock sys_clk_pin rise edge)
                                                      0.000     0.000 r  
    D13                                               0.000     0.000 r  clk (IN)
                         net (fo=0)                   0.000     0.000    clk
    D13                  IBUF (Prop_ibuf_I_O)         0.977     0.977 r  clk_IBUF_inst/O
                         net (fo=1, routed)           1.966     2.942    clk_IBUF
    BUFGCTRL_X0Y16       BUFG (Prop_bufg_I_O)         0.096     3.038 r  clk_IBUF_BUFG_inst/O
                         net (fo=49, routed)          1.630     4.669    clk_gen/clk_IBUF_BUFG
    SLICE_X2Y40          FDRE                                         r  clk_gen/count2_reg[4]/C
  -------------------------------------------------------------------    -------------------
    SLICE_X2Y40          FDRE (Prop_fdre_C_Q)         0.518     5.187 f  clk_gen/count2_reg[4]/Q
                         net (fo=2, routed)           0.808     5.995    clk_gen/count2_reg_n_0_[4]
    SLICE_X3Y41          LUT4 (Prop_lut4_I0_O)        0.124     6.119 r  clk_gen/count20_carry_i_8/O
                         net (fo=1, routed)           0.776     6.896    clk_gen/count20_carry_i_8_n_0
    SLICE_X3Y44          LUT5 (Prop_lut5_I4_O)        0.124     7.020 r  clk_gen/count20_carry_i_4/O
                         net (fo=6, routed)           1.281     8.301    clk_gen/count20_carry_i_4_n_0
    SLICE_X2Y40          LUT5 (Prop_lut5_I3_O)        0.124     8.425 r  clk_gen/count20_carry_i_1/O
                         net (fo=1, routed)           0.000     8.425    clk_gen/count2[4]
    SLICE_X2Y40          CARRY4 (Prop_carry4_S[3]_CO[3])
                                                      0.376     8.801 r  clk_gen/count20_carry/CO[3]
                         net (fo=1, routed)           0.000     8.801    clk_gen/count20_carry_n_0
    SLICE_X2Y41          CARRY4 (Prop_carry4_CI_CO[3])
                                                      0.117     8.918 r  clk_gen/count20_carry__0/CO[3]
                         net (fo=1, routed)           0.000     8.918    clk_gen/count20_carry__0_n_0
    SLICE_X2Y42          CARRY4 (Prop_carry4_CI_CO[3])
                                                      0.117     9.035 r  clk_gen/count20_carry__1/CO[3]
                         net (fo=1, routed)           0.000     9.035    clk_gen/count20_carry__1_n_0
    SLICE_X2Y43          CARRY4 (Prop_carry4_CI_CO[3])
                                                      0.117     9.152 r  clk_gen/count20_carry__2/CO[3]
                         net (fo=1, routed)           0.000     9.152    clk_gen/count20_carry__2_n_0
    SLICE_X2Y44          CARRY4 (Prop_carry4_CI_CO[3])
                                                      0.117     9.269 r  clk_gen/count20_carry__3/CO[3]
                         net (fo=1, routed)           0.000     9.269    clk_gen/count20_carry__3_n_0
    SLICE_X2Y45          CARRY4 (Prop_carry4_CI_CO[3])
                                                      0.117     9.386 r  clk_gen/count20_carry__4/CO[3]
                         net (fo=1, routed)           0.000     9.386    clk_gen/count20_carry__4_n_0
    SLICE_X2Y46          CARRY4 (Prop_carry4_CI_CO[3])
                                                      0.117     9.503 r  clk_gen/count20_carry__5/CO[3]
                         net (fo=1, routed)           0.000     9.503    clk_gen/count20_carry__5_n_0
    SLICE_X2Y47          CARRY4 (Prop_carry4_CI_O[2])
                                                      0.239     9.742 r  clk_gen/count20_carry__6/O[2]
                         net (fo=1, routed)           0.000     9.742    clk_gen/count20_carry__6_n_5
    SLICE_X2Y47          FDRE                                         r  clk_gen/count2_reg[31]/D
  -------------------------------------------------------------------    -------------------

                         (clock sys_clk_pin rise edge)
                                                     10.000    10.000 r  
    D13                                               0.000    10.000 r  clk (IN)
                         net (fo=0)                   0.000    10.000    clk
    D13                  IBUF (Prop_ibuf_I_O)         0.843    10.843 r  clk_IBUF_inst/O
                         net (fo=1, routed)           1.862    12.705    clk_IBUF
    BUFGCTRL_X0Y16       BUFG (Prop_bufg_I_O)         0.091    12.796 r  clk_IBUF_BUFG_inst/O
                         net (fo=49, routed)          1.515    14.312    clk_gen/clk_IBUF_BUFG
    SLICE_X2Y47          FDRE                                         r  clk_gen/count2_reg[31]/C
                         clock pessimism              0.335    14.647    
                         clock uncertainty           -0.035    14.612    
    SLICE_X2Y47          FDRE (Setup_fdre_C_D)        0.109    14.721    clk_gen/count2_reg[31]
  -------------------------------------------------------------------
                         required time                         14.721    
                         arrival time                          -9.742    
  -------------------------------------------------------------------
                         slack                                  4.979    

Slack (MET) :             4.999ns  (required time - arrival time)
  Source:                 clk_gen/count2_reg[4]/C
                            (rising edge-triggered cell FDRE clocked by sys_clk_pin  {rise@0.000ns fall@5.000ns period=10.000ns})
  Destination:            clk_gen/count2_reg[29]/D
                            (rising edge-triggered cell FDRE clocked by sys_clk_pin  {rise@0.000ns fall@5.000ns period=10.000ns})
  Path Group:             sys_clk_pin
  Path Type:              Setup (Max at Slow Process Corner)
  Requirement:            10.000ns  (sys_clk_pin rise@10.000ns - sys_clk_pin rise@0.000ns)
  Data Path Delay:        5.053ns  (logic 2.187ns (43.283%)  route 2.866ns (56.717%))
  Logic Levels:           11  (CARRY4=8 LUT4=1 LUT5=2)
  Clock Path Skew:        -0.022ns (DCD - SCD + CPR)
    Destination Clock Delay (DCD):    4.312ns = ( 14.312 - 10.000 ) 
    Source Clock Delay      (SCD):    4.669ns
    Clock Pessimism Removal (CPR):    0.335ns
  Clock Uncertainty:      0.035ns  ((TSJ^2 + TIJ^2)^1/2 + DJ) / 2 + PE
    Total System Jitter     (TSJ):    0.071ns
    Total Input Jitter      (TIJ):    0.000ns
    Discrete Jitter          (DJ):    0.000ns
    Phase Error              (PE):    0.000ns

    Location             Delay type                Incr(ns)  Path(ns)    Netlist Resource(s)
  -------------------------------------------------------------------    -------------------
                         (clock sys_clk_pin rise edge)
                                                      0.000     0.000 r  
    D13                                               0.000     0.000 r  clk (IN)
                         net (fo=0)                   0.000     0.000    clk
    D13                  IBUF (Prop_ibuf_I_O)         0.977     0.977 r  clk_IBUF_inst/O
                         net (fo=1, routed)           1.966     2.942    clk_IBUF
    BUFGCTRL_X0Y16       BUFG (Prop_bufg_I_O)         0.096     3.038 r  clk_IBUF_BUFG_inst/O
                         net (fo=49, routed)          1.630     4.669    clk_gen/clk_IBUF_BUFG
    SLICE_X2Y40          FDRE                                         r  clk_gen/count2_reg[4]/C
  -------------------------------------------------------------------    -------------------
    SLICE_X2Y40          FDRE (Prop_fdre_C_Q)         0.518     5.187 f  clk_gen/count2_reg[4]/Q
                         net (fo=2, routed)           0.808     5.995    clk_gen/count2_reg_n_0_[4]
    SLICE_X3Y41          LUT4 (Prop_lut4_I0_O)        0.124     6.119 r  clk_gen/count20_carry_i_8/O
                         net (fo=1, routed)           0.776     6.896    clk_gen/count20_carry_i_8_n_0
    SLICE_X3Y44          LUT5 (Prop_lut5_I4_O)        0.124     7.020 r  clk_gen/count20_carry_i_4/O
                         net (fo=6, routed)           1.281     8.301    clk_gen/count20_carry_i_4_n_0
    SLICE_X2Y40          LUT5 (Prop_lut5_I3_O)        0.124     8.425 r  clk_gen/count20_carry_i_1/O
                         net (fo=1, routed)           0.000     8.425    clk_gen/count2[4]
    SLICE_X2Y40          CARRY4 (Prop_carry4_S[3]_CO[3])
                                                      0.376     8.801 r  clk_gen/count20_carry/CO[3]
                         net (fo=1, routed)           0.000     8.801    clk_gen/count20_carry_n_0
    SLICE_X2Y41          CARRY4 (Prop_carry4_CI_CO[3])
                                                      0.117     8.918 r  clk_gen/count20_carry__0/CO[3]
                         net (fo=1, routed)           0.000     8.918    clk_gen/count20_carry__0_n_0
    SLICE_X2Y42          CARRY4 (Prop_carry4_CI_CO[3])
                                                      0.117     9.035 r  clk_gen/count20_carry__1/CO[3]
                         net (fo=1, routed)           0.000     9.035    clk_gen/count20_carry__1_n_0
    SLICE_X2Y43          CARRY4 (Prop_carry4_CI_CO[3])
                                                      0.117     9.152 r  clk_gen/count20_carry__2/CO[3]
                         net (fo=1, routed)           0.000     9.152    clk_gen/count20_carry__2_n_0
    SLICE_X2Y44          CARRY4 (Prop_carry4_CI_CO[3])
                                                      0.117     9.269 r  clk_gen/count20_carry__3/CO[3]
                         net (fo=1, routed)           0.000     9.269    clk_gen/count20_carry__3_n_0
    SLICE_X2Y45          CARRY4 (Prop_carry4_CI_CO[3])
                                                      0.117     9.386 r  clk_gen/count20_carry__4/CO[3]
                         net (fo=1, routed)           0.000     9.386    clk_gen/count20_carry__4_n_0
    SLICE_X2Y46          CARRY4 (Prop_carry4_CI_CO[3])
                                                      0.117     9.503 r  clk_gen/count20_carry__5/CO[3]
                         net (fo=1, routed)           0.000     9.503    clk_gen/count20_carry__5_n_0
    SLICE_X2Y47          CARRY4 (Prop_carry4_CI_O[0])
                                                      0.219     9.722 r  clk_gen/count20_carry__6/O[0]
                         net (fo=1, routed)           0.000     9.722    clk_gen/count20_carry__6_n_7
    SLICE_X2Y47          FDRE                                         r  clk_gen/count2_reg[29]/D
  -------------------------------------------------------------------    -------------------

                         (clock sys_clk_pin rise edge)
                                                     10.000    10.000 r  
    D13                                               0.000    10.000 r  clk (IN)
                         net (fo=0)                   0.000    10.000    clk
    D13                  IBUF (Prop_ibuf_I_O)         0.843    10.843 r  clk_IBUF_inst/O
                         net (fo=1, routed)           1.862    12.705    clk_IBUF
    BUFGCTRL_X0Y16       BUFG (Prop_bufg_I_O)         0.091    12.796 r  clk_IBUF_BUFG_inst/O
                         net (fo=49, routed)          1.515    14.312    clk_gen/clk_IBUF_BUFG
    SLICE_X2Y47          FDRE                                         r  clk_gen/count2_reg[29]/C
                         clock pessimism              0.335    14.647    
                         clock uncertainty           -0.035    14.612    
    SLICE_X2Y47          FDRE (Setup_fdre_C_D)        0.109    14.721    clk_gen/count2_reg[29]
  -------------------------------------------------------------------
                         required time                         14.721    
                         arrival time                          -9.722    
  -------------------------------------------------------------------
                         slack                                  4.999    

Slack (MET) :             5.011ns  (required time - arrival time)
  Source:                 clk_gen/count2_reg[4]/C
                            (rising edge-triggered cell FDRE clocked by sys_clk_pin  {rise@0.000ns fall@5.000ns period=10.000ns})
  Destination:            clk_gen/count2_reg[26]/D
                            (rising edge-triggered cell FDRE clocked by sys_clk_pin  {rise@0.000ns fall@5.000ns period=10.000ns})
  Path Group:             sys_clk_pin
  Path Type:              Setup (Max at Slow Process Corner)
  Requirement:            10.000ns  (sys_clk_pin rise@10.000ns - sys_clk_pin rise@0.000ns)
  Data Path Delay:        5.040ns  (logic 2.174ns (43.136%)  route 2.866ns (56.864%))
  Logic Levels:           10  (CARRY4=7 LUT4=1 LUT5=2)
  Clock Path Skew:        -0.023ns (DCD - SCD + CPR)
    Destination Clock Delay (DCD):    4.311ns = ( 14.311 - 10.000 ) 
    Source Clock Delay      (SCD):    4.669ns
    Clock Pessimism Removal (CPR):    0.335ns
  Clock Uncertainty:      0.035ns  ((TSJ^2 + TIJ^2)^1/2 + DJ) / 2 + PE
    Total System Jitter     (TSJ):    0.071ns
    Total Input Jitter      (TIJ):    0.000ns
    Discrete Jitter          (DJ):    0.000ns
    Phase Error              (PE):    0.000ns

    Location             Delay type                Incr(ns)  Path(ns)    Netlist Resource(s)
  -------------------------------------------------------------------    -------------------
                         (clock sys_clk_pin rise edge)
                                                      0.000     0.000 r  
    D13                                               0.000     0.000 r  clk (IN)
                         net (fo=0)                   0.000     0.000    clk
    D13                  IBUF (Prop_ibuf_I_O)         0.977     0.977 r  clk_IBUF_inst/O
                         net (fo=1, routed)           1.966     2.942    clk_IBUF
    BUFGCTRL_X0Y16       BUFG (Prop_bufg_I_O)         0.096     3.038 r  clk_IBUF_BUFG_inst/O
                         net (fo=49, routed)          1.630     4.669    clk_gen/clk_IBUF_BUFG
    SLICE_X2Y40          FDRE                                         r  clk_gen/count2_reg[4]/C
  -------------------------------------------------------------------    -------------------
    SLICE_X2Y40          FDRE (Prop_fdre_C_Q)         0.518     5.187 f  clk_gen/count2_reg[4]/Q
                         net (fo=2, routed)           0.808     5.995    clk_gen/count2_reg_n_0_[4]
    SLICE_X3Y41          LUT4 (Prop_lut4_I0_O)        0.124     6.119 r  clk_gen/count20_carry_i_8/O
                         net (fo=1, routed)           0.776     6.896    clk_gen/count20_carry_i_8_n_0
    SLICE_X3Y44          LUT5 (Prop_lut5_I4_O)        0.124     7.020 r  clk_gen/count20_carry_i_4/O
                         net (fo=6, routed)           1.281     8.301    clk_gen/count20_carry_i_4_n_0
    SLICE_X2Y40          LUT5 (Prop_lut5_I3_O)        0.124     8.425 r  clk_gen/count20_carry_i_1/O
                         net (fo=1, routed)           0.000     8.425    clk_gen/count2[4]
    SLICE_X2Y40          CARRY4 (Prop_carry4_S[3]_CO[3])
                                                      0.376     8.801 r  clk_gen/count20_carry/CO[3]
                         net (fo=1, routed)           0.000     8.801    clk_gen/count20_carry_n_0
    SLICE_X2Y41          CARRY4 (Prop_carry4_CI_CO[3])
                                                      0.117     8.918 r  clk_gen/count20_carry__0/CO[3]
                         net (fo=1, routed)           0.000     8.918    clk_gen/count20_carry__0_n_0
    SLICE_X2Y42          CARRY4 (Prop_carry4_CI_CO[3])
                                                      0.117     9.035 r  clk_gen/count20_carry__1/CO[3]
                         net (fo=1, routed)           0.000     9.035    clk_gen/count20_carry__1_n_0
    SLICE_X2Y43          CARRY4 (Prop_carry4_CI_CO[3])
                                                      0.117     9.152 r  clk_gen/count20_carry__2/CO[3]
                         net (fo=1, routed)           0.000     9.152    clk_gen/count20_carry__2_n_0
    SLICE_X2Y44          CARRY4 (Prop_carry4_CI_CO[3])
                                                      0.117     9.269 r  clk_gen/count20_carry__3/CO[3]
                         net (fo=1, routed)           0.000     9.269    clk_gen/count20_carry__3_n_0
    SLICE_X2Y45          CARRY4 (Prop_carry4_CI_CO[3])
                                                      0.117     9.386 r  clk_gen/count20_carry__4/CO[3]
                         net (fo=1, routed)           0.000     9.386    clk_gen/count20_carry__4_n_0
    SLICE_X2Y46          CARRY4 (Prop_carry4_CI_O[1])
                                                      0.323     9.709 r  clk_gen/count20_carry__5/O[1]
                         net (fo=1, routed)           0.000     9.709    clk_gen/count20_carry__5_n_6
    SLICE_X2Y46          FDRE                                         r  clk_gen/count2_reg[26]/D
  -------------------------------------------------------------------    -------------------

                         (clock sys_clk_pin rise edge)
                                                     10.000    10.000 r  
    D13                                               0.000    10.000 r  clk (IN)
                         net (fo=0)                   0.000    10.000    clk
    D13                  IBUF (Prop_ibuf_I_O)         0.843    10.843 r  clk_IBUF_inst/O
                         net (fo=1, routed)           1.862    12.705    clk_IBUF
    BUFGCTRL_X0Y16       BUFG (Prop_bufg_I_O)         0.091    12.796 r  clk_IBUF_BUFG_inst/O
                         net (fo=49, routed)          1.514    14.311    clk_gen/clk_IBUF_BUFG
    SLICE_X2Y46          FDRE                                         r  clk_gen/count2_reg[26]/C
                         clock pessimism              0.335    14.646    
                         clock uncertainty           -0.035    14.611    
    SLICE_X2Y46          FDRE (Setup_fdre_C_D)        0.109    14.720    clk_gen/count2_reg[26]
  -------------------------------------------------------------------
                         required time                         14.720    
                         arrival time                          -9.709    
  -------------------------------------------------------------------
                         slack                                  5.011    

Slack (MET) :             5.019ns  (required time - arrival time)
  Source:                 clk_gen/count2_reg[4]/C
                            (rising edge-triggered cell FDRE clocked by sys_clk_pin  {rise@0.000ns fall@5.000ns period=10.000ns})
  Destination:            clk_gen/count2_reg[28]/D
                            (rising edge-triggered cell FDRE clocked by sys_clk_pin  {rise@0.000ns fall@5.000ns period=10.000ns})
  Path Group:             sys_clk_pin
  Path Type:              Setup (Max at Slow Process Corner)
  Requirement:            10.000ns  (sys_clk_pin rise@10.000ns - sys_clk_pin rise@0.000ns)
  Data Path Delay:        5.032ns  (logic 2.166ns (43.046%)  route 2.866ns (56.954%))
  Logic Levels:           10  (CARRY4=7 LUT4=1 LUT5=2)
  Clock Path Skew:        -0.023ns (DCD - SCD + CPR)
    Destination Clock Delay (DCD):    4.311ns = ( 14.311 - 10.000 ) 
    Source Clock Delay      (SCD):    4.669ns
    Clock Pessimism Removal (CPR):    0.335ns
  Clock Uncertainty:      0.035ns  ((TSJ^2 + TIJ^2)^1/2 + DJ) / 2 + PE
    Total System Jitter     (TSJ):    0.071ns
    Total Input Jitter      (TIJ):    0.000ns
    Discrete Jitter          (DJ):    0.000ns
    Phase Error              (PE):    0.000ns

    Location             Delay type                Incr(ns)  Path(ns)    Netlist Resource(s)
  -------------------------------------------------------------------    -------------------
                         (clock sys_clk_pin rise edge)
                                                      0.000     0.000 r  
    D13                                               0.000     0.000 r  clk (IN)
                         net (fo=0)                   0.000     0.000    clk
    D13                  IBUF (Prop_ibuf_I_O)         0.977     0.977 r  clk_IBUF_inst/O
                         net (fo=1, routed)           1.966     2.942    clk_IBUF
    BUFGCTRL_X0Y16       BUFG (Prop_bufg_I_O)         0.096     3.038 r  clk_IBUF_BUFG_inst/O
                         net (fo=49, routed)          1.630     4.669    clk_gen/clk_IBUF_BUFG
    SLICE_X2Y40          FDRE                                         r  clk_gen/count2_reg[4]/C
  -------------------------------------------------------------------    -------------------
    SLICE_X2Y40          FDRE (Prop_fdre_C_Q)         0.518     5.187 f  clk_gen/count2_reg[4]/Q
                         net (fo=2, routed)           0.808     5.995    clk_gen/count2_reg_n_0_[4]
    SLICE_X3Y41          LUT4 (Prop_lut4_I0_O)        0.124     6.119 r  clk_gen/count20_carry_i_8/O
                         net (fo=1, routed)           0.776     6.896    clk_gen/count20_carry_i_8_n_0
    SLICE_X3Y44          LUT5 (Prop_lut5_I4_O)        0.124     7.020 r  clk_gen/count20_carry_i_4/O
                         net (fo=6, routed)           1.281     8.301    clk_gen/count20_carry_i_4_n_0
    SLICE_X2Y40          LUT5 (Prop_lut5_I3_O)        0.124     8.425 r  clk_gen/count20_carry_i_1/O
                         net (fo=1, routed)           0.000     8.425    clk_gen/count2[4]
    SLICE_X2Y40          CARRY4 (Prop_carry4_S[3]_CO[3])
                                                      0.376     8.801 r  clk_gen/count20_carry/CO[3]
                         net (fo=1, routed)           0.000     8.801    clk_gen/count20_carry_n_0
    SLICE_X2Y41          CARRY4 (Prop_carry4_CI_CO[3])
                                                      0.117     8.918 r  clk_gen/count20_carry__0/CO[3]
                         net (fo=1, routed)           0.000     8.918    clk_gen/count20_carry__0_n_0
    SLICE_X2Y42          CARRY4 (Prop_carry4_CI_CO[3])
                                                      0.117     9.035 r  clk_gen/count20_carry__1/CO[3]
                         net (fo=1, routed)           0.000     9.035    clk_gen/count20_carry__1_n_0
    SLICE_X2Y43          CARRY4 (Prop_carry4_CI_CO[3])
                                                      0.117     9.152 r  clk_gen/count20_carry__2/CO[3]
                         net (fo=1, routed)           0.000     9.152    clk_gen/count20_carry__2_n_0
    SLICE_X2Y44          CARRY4 (Prop_carry4_CI_CO[3])
                                                      0.117     9.269 r  clk_gen/count20_carry__3/CO[3]
                         net (fo=1, routed)           0.000     9.269    clk_gen/count20_carry__3_n_0
    SLICE_X2Y45          CARRY4 (Prop_carry4_CI_CO[3])
                                                      0.117     9.386 r  clk_gen/count20_carry__4/CO[3]
                         net (fo=1, routed)           0.000     9.386    clk_gen/count20_carry__4_n_0
    SLICE_X2Y46          CARRY4 (Prop_carry4_CI_O[3])
                                                      0.315     9.701 r  clk_gen/count20_carry__5/O[3]
                         net (fo=1, routed)           0.000     9.701    clk_gen/count20_carry__5_n_4
    SLICE_X2Y46          FDRE                                         r  clk_gen/count2_reg[28]/D
  -------------------------------------------------------------------    -------------------

                         (clock sys_clk_pin rise edge)
                                                     10.000    10.000 r  
    D13                                               0.000    10.000 r  clk (IN)
                         net (fo=0)                   0.000    10.000    clk
    D13                  IBUF (Prop_ibuf_I_O)         0.843    10.843 r  clk_IBUF_inst/O
                         net (fo=1, routed)           1.862    12.705    clk_IBUF
    BUFGCTRL_X0Y16       BUFG (Prop_bufg_I_O)         0.091    12.796 r  clk_IBUF_BUFG_inst/O
                         net (fo=49, routed)          1.514    14.311    clk_gen/clk_IBUF_BUFG
    SLICE_X2Y46          FDRE                                         r  clk_gen/count2_reg[28]/C
                         clock pessimism              0.335    14.646    
                         clock uncertainty           -0.035    14.611    
    SLICE_X2Y46          FDRE (Setup_fdre_C_D)        0.109    14.720    clk_gen/count2_reg[28]
  -------------------------------------------------------------------
                         required time                         14.720    
                         arrival time                          -9.701    
  -------------------------------------------------------------------
                         slack                                  5.019    

Slack (MET) :             5.095ns  (required time - arrival time)
  Source:                 clk_gen/count2_reg[4]/C
                            (rising edge-triggered cell FDRE clocked by sys_clk_pin  {rise@0.000ns fall@5.000ns period=10.000ns})
  Destination:            clk_gen/count2_reg[27]/D
                            (rising edge-triggered cell FDRE clocked by sys_clk_pin  {rise@0.000ns fall@5.000ns period=10.000ns})
  Path Group:             sys_clk_pin
  Path Type:              Setup (Max at Slow Process Corner)
  Requirement:            10.000ns  (sys_clk_pin rise@10.000ns - sys_clk_pin rise@0.000ns)
  Data Path Delay:        4.956ns  (logic 2.090ns (42.173%)  route 2.866ns (57.827%))
  Logic Levels:           10  (CARRY4=7 LUT4=1 LUT5=2)
  Clock Path Skew:        -0.023ns (DCD - SCD + CPR)
    Destination Clock Delay (DCD):    4.311ns = ( 14.311 - 10.000 ) 
    Source Clock Delay      (SCD):    4.669ns
    Clock Pessimism Removal (CPR):    0.335ns
  Clock Uncertainty:      0.035ns  ((TSJ^2 + TIJ^2)^1/2 + DJ) / 2 + PE
    Total System Jitter     (TSJ):    0.071ns
    Total Input Jitter      (TIJ):    0.000ns
    Discrete Jitter          (DJ):    0.000ns
    Phase Error              (PE):    0.000ns

    Location             Delay type                Incr(ns)  Path(ns)    Netlist Resource(s)
  -------------------------------------------------------------------    -------------------
                         (clock sys_clk_pin rise edge)
                                                      0.000     0.000 r  
    D13                                               0.000     0.000 r  clk (IN)
                         net (fo=0)                   0.000     0.000    clk
    D13                  IBUF (Prop_ibuf_I_O)         0.977     0.977 r  clk_IBUF_inst/O
                         net (fo=1, routed)           1.966     2.942    clk_IBUF
    BUFGCTRL_X0Y16       BUFG (Prop_bufg_I_O)         0.096     3.038 r  clk_IBUF_BUFG_inst/O
                         net (fo=49, routed)          1.630     4.669    clk_gen/clk_IBUF_BUFG
    SLICE_X2Y40          FDRE                                         r  clk_gen/count2_reg[4]/C
  -------------------------------------------------------------------    -------------------
    SLICE_X2Y40          FDRE (Prop_fdre_C_Q)         0.518     5.187 f  clk_gen/count2_reg[4]/Q
                         net (fo=2, routed)           0.808     5.995    clk_gen/count2_reg_n_0_[4]
    SLICE_X3Y41          LUT4 (Prop_lut4_I0_O)        0.124     6.119 r  clk_gen/count20_carry_i_8/O
                         net (fo=1, routed)           0.776     6.896    clk_gen/count20_carry_i_8_n_0
    SLICE_X3Y44          LUT5 (Prop_lut5_I4_O)        0.124     7.020 r  clk_gen/count20_carry_i_4/O
                         net (fo=6, routed)           1.281     8.301    clk_gen/count20_carry_i_4_n_0
    SLICE_X2Y40          LUT5 (Prop_lut5_I3_O)        0.124     8.425 r  clk_gen/count20_carry_i_1/O
                         net (fo=1, routed)           0.000     8.425    clk_gen/count2[4]
    SLICE_X2Y40          CARRY4 (Prop_carry4_S[3]_CO[3])
                                                      0.376     8.801 r  clk_gen/count20_carry/CO[3]
                         net (fo=1, routed)           0.000     8.801    clk_gen/count20_carry_n_0
    SLICE_X2Y41          CARRY4 (Prop_carry4_CI_CO[3])
                                                      0.117     8.918 r  clk_gen/count20_carry__0/CO[3]
                         net (fo=1, routed)           0.000     8.918    clk_gen/count20_carry__0_n_0
    SLICE_X2Y42          CARRY4 (Prop_carry4_CI_CO[3])
                                                      0.117     9.035 r  clk_gen/count20_carry__1/CO[3]
                         net (fo=1, routed)           0.000     9.035    clk_gen/count20_carry__1_n_0
    SLICE_X2Y43          CARRY4 (Prop_carry4_CI_CO[3])
                                                      0.117     9.152 r  clk_gen/count20_carry__2/CO[3]
                         net (fo=1, routed)           0.000     9.152    clk_gen/count20_carry__2_n_0
    SLICE_X2Y44          CARRY4 (Prop_carry4_CI_CO[3])
                                                      0.117     9.269 r  clk_gen/count20_carry__3/CO[3]
                         net (fo=1, routed)           0.000     9.269    clk_gen/count20_carry__3_n_0
    SLICE_X2Y45          CARRY4 (Prop_carry4_CI_CO[3])
                                                      0.117     9.386 r  clk_gen/count20_carry__4/CO[3]
                         net (fo=1, routed)           0.000     9.386    clk_gen/count20_carry__4_n_0
    SLICE_X2Y46          CARRY4 (Prop_carry4_CI_O[2])
                                                      0.239     9.625 r  clk_gen/count20_carry__5/O[2]
                         net (fo=1, routed)           0.000     9.625    clk_gen/count20_carry__5_n_5
    SLICE_X2Y46          FDRE                                         r  clk_gen/count2_reg[27]/D
  -------------------------------------------------------------------    -------------------

                         (clock sys_clk_pin rise edge)
                                                     10.000    10.000 r  
    D13                                               0.000    10.000 r  clk (IN)
                         net (fo=0)                   0.000    10.000    clk
    D13                  IBUF (Prop_ibuf_I_O)         0.843    10.843 r  clk_IBUF_inst/O
                         net (fo=1, routed)           1.862    12.705    clk_IBUF
    BUFGCTRL_X0Y16       BUFG (Prop_bufg_I_O)         0.091    12.796 r  clk_IBUF_BUFG_inst/O
                         net (fo=49, routed)          1.514    14.311    clk_gen/clk_IBUF_BUFG
    SLICE_X2Y46          FDRE                                         r  clk_gen/count2_reg[27]/C
                         clock pessimism              0.335    14.646    
                         clock uncertainty           -0.035    14.611    
    SLICE_X2Y46          FDRE (Setup_fdre_C_D)        0.109    14.720    clk_gen/count2_reg[27]
  -------------------------------------------------------------------
                         required time                         14.720    
                         arrival time                          -9.625    
  -------------------------------------------------------------------
                         slack                                  5.095    

Slack (MET) :             5.115ns  (required time - arrival time)
  Source:                 clk_gen/count2_reg[4]/C
                            (rising edge-triggered cell FDRE clocked by sys_clk_pin  {rise@0.000ns fall@5.000ns period=10.000ns})
  Destination:            clk_gen/count2_reg[25]/D
                            (rising edge-triggered cell FDRE clocked by sys_clk_pin  {rise@0.000ns fall@5.000ns period=10.000ns})
  Path Group:             sys_clk_pin
  Path Type:              Setup (Max at Slow Process Corner)
  Requirement:            10.000ns  (sys_clk_pin rise@10.000ns - sys_clk_pin rise@0.000ns)
  Data Path Delay:        4.936ns  (logic 2.070ns (41.938%)  route 2.866ns (58.062%))
  Logic Levels:           10  (CARRY4=7 LUT4=1 LUT5=2)
  Clock Path Skew:        -0.023ns (DCD - SCD + CPR)
    Destination Clock Delay (DCD):    4.311ns = ( 14.311 - 10.000 ) 
    Source Clock Delay      (SCD):    4.669ns
    Clock Pessimism Removal (CPR):    0.335ns
  Clock Uncertainty:      0.035ns  ((TSJ^2 + TIJ^2)^1/2 + DJ) / 2 + PE
    Total System Jitter     (TSJ):    0.071ns
    Total Input Jitter      (TIJ):    0.000ns
    Discrete Jitter          (DJ):    0.000ns
    Phase Error              (PE):    0.000ns

    Location             Delay type                Incr(ns)  Path(ns)    Netlist Resource(s)
  -------------------------------------------------------------------    -------------------
                         (clock sys_clk_pin rise edge)
                                                      0.000     0.000 r  
    D13                                               0.000     0.000 r  clk (IN)
                         net (fo=0)                   0.000     0.000    clk
    D13                  IBUF (Prop_ibuf_I_O)         0.977     0.977 r  clk_IBUF_inst/O
                         net (fo=1, routed)           1.966     2.942    clk_IBUF
    BUFGCTRL_X0Y16       BUFG (Prop_bufg_I_O)         0.096     3.038 r  clk_IBUF_BUFG_inst/O
                         net (fo=49, routed)          1.630     4.669    clk_gen/clk_IBUF_BUFG
    SLICE_X2Y40          FDRE                                         r  clk_gen/count2_reg[4]/C
  -------------------------------------------------------------------    -------------------
    SLICE_X2Y40          FDRE (Prop_fdre_C_Q)         0.518     5.187 f  clk_gen/count2_reg[4]/Q
                         net (fo=2, routed)           0.808     5.995    clk_gen/count2_reg_n_0_[4]
    SLICE_X3Y41          LUT4 (Prop_lut4_I0_O)        0.124     6.119 r  clk_gen/count20_carry_i_8/O
                         net (fo=1, routed)           0.776     6.896    clk_gen/count20_carry_i_8_n_0
    SLICE_X3Y44          LUT5 (Prop_lut5_I4_O)        0.124     7.020 r  clk_gen/count20_carry_i_4/O
                         net (fo=6, routed)           1.281     8.301    clk_gen/count20_carry_i_4_n_0
    SLICE_X2Y40          LUT5 (Prop_lut5_I3_O)        0.124     8.425 r  clk_gen/count20_carry_i_1/O
                         net (fo=1, routed)           0.000     8.425    clk_gen/count2[4]
    SLICE_X2Y40          CARRY4 (Prop_carry4_S[3]_CO[3])
                                                      0.376     8.801 r  clk_gen/count20_carry/CO[3]
                         net (fo=1, routed)           0.000     8.801    clk_gen/count20_carry_n_0
    SLICE_X2Y41          CARRY4 (Prop_carry4_CI_CO[3])
                                                      0.117     8.918 r  clk_gen/count20_carry__0/CO[3]
                         net (fo=1, routed)           0.000     8.918    clk_gen/count20_carry__0_n_0
    SLICE_X2Y42          CARRY4 (Prop_carry4_CI_CO[3])
                                                      0.117     9.035 r  clk_gen/count20_carry__1/CO[3]
                         net (fo=1, routed)           0.000     9.035    clk_gen/count20_carry__1_n_0
    SLICE_X2Y43          CARRY4 (Prop_carry4_CI_CO[3])
                                                      0.117     9.152 r  clk_gen/count20_carry__2/CO[3]
                         net (fo=1, routed)           0.000     9.152    clk_gen/count20_carry__2_n_0
    SLICE_X2Y44          CARRY4 (Prop_carry4_CI_CO[3])
                                                      0.117     9.269 r  clk_gen/count20_carry__3/CO[3]
                         net (fo=1, routed)           0.000     9.269    clk_gen/count20_carry__3_n_0
    SLICE_X2Y45          CARRY4 (Prop_carry4_CI_CO[3])
                                                      0.117     9.386 r  clk_gen/count20_carry__4/CO[3]
                         net (fo=1, routed)           0.000     9.386    clk_gen/count20_carry__4_n_0
    SLICE_X2Y46          CARRY4 (Prop_carry4_CI_O[0])
                                                      0.219     9.605 r  clk_gen/count20_carry__5/O[0]
                         net (fo=1, routed)           0.000     9.605    clk_gen/count20_carry__5_n_7
    SLICE_X2Y46          FDRE                                         r  clk_gen/count2_reg[25]/D
  -------------------------------------------------------------------    -------------------

                         (clock sys_clk_pin rise edge)
                                                     10.000    10.000 r  
    D13                                               0.000    10.000 r  clk (IN)
                         net (fo=0)                   0.000    10.000    clk
    D13                  IBUF (Prop_ibuf_I_O)         0.843    10.843 r  clk_IBUF_inst/O
                         net (fo=1, routed)           1.862    12.705    clk_IBUF
    BUFGCTRL_X0Y16       BUFG (Prop_bufg_I_O)         0.091    12.796 r  clk_IBUF_BUFG_inst/O
                         net (fo=49, routed)          1.514    14.311    clk_gen/clk_IBUF_BUFG
    SLICE_X2Y46          FDRE                                         r  clk_gen/count2_reg[25]/C
                         clock pessimism              0.335    14.646    
                         clock uncertainty           -0.035    14.611    
    SLICE_X2Y46          FDRE (Setup_fdre_C_D)        0.109    14.720    clk_gen/count2_reg[25]
  -------------------------------------------------------------------
                         required time                         14.720    
                         arrival time                          -9.605    
  -------------------------------------------------------------------
                         slack                                  5.115    

Slack (MET) :             5.128ns  (required time - arrival time)
  Source:                 clk_gen/count2_reg[4]/C
                            (rising edge-triggered cell FDRE clocked by sys_clk_pin  {rise@0.000ns fall@5.000ns period=10.000ns})
  Destination:            clk_gen/count2_reg[22]/D
                            (rising edge-triggered cell FDRE clocked by sys_clk_pin  {rise@0.000ns fall@5.000ns period=10.000ns})
  Path Group:             sys_clk_pin
  Path Type:              Setup (Max at Slow Process Corner)
  Requirement:            10.000ns  (sys_clk_pin rise@10.000ns - sys_clk_pin rise@0.000ns)
  Data Path Delay:        4.923ns  (logic 2.057ns (41.785%)  route 2.866ns (58.215%))
  Logic Levels:           9  (CARRY4=6 LUT4=1 LUT5=2)
  Clock Path Skew:        -0.023ns (DCD - SCD + CPR)
    Destination Clock Delay (DCD):    4.311ns = ( 14.311 - 10.000 ) 
    Source Clock Delay      (SCD):    4.669ns
    Clock Pessimism Removal (CPR):    0.335ns
  Clock Uncertainty:      0.035ns  ((TSJ^2 + TIJ^2)^1/2 + DJ) / 2 + PE
    Total System Jitter     (TSJ):    0.071ns
    Total Input Jitter      (TIJ):    0.000ns
    Discrete Jitter          (DJ):    0.000ns
    Phase Error              (PE):    0.000ns

    Location             Delay type                Incr(ns)  Path(ns)    Netlist Resource(s)
  -------------------------------------------------------------------    -------------------
                         (clock sys_clk_pin rise edge)
                                                      0.000     0.000 r  
    D13                                               0.000     0.000 r  clk (IN)
                         net (fo=0)                   0.000     0.000    clk
    D13                  IBUF (Prop_ibuf_I_O)         0.977     0.977 r  clk_IBUF_inst/O
                         net (fo=1, routed)           1.966     2.942    clk_IBUF
    BUFGCTRL_X0Y16       BUFG (Prop_bufg_I_O)         0.096     3.038 r  clk_IBUF_BUFG_inst/O
                         net (fo=49, routed)          1.630     4.669    clk_gen/clk_IBUF_BUFG
    SLICE_X2Y40          FDRE                                         r  clk_gen/count2_reg[4]/C
  -------------------------------------------------------------------    -------------------
    SLICE_X2Y40          FDRE (Prop_fdre_C_Q)         0.518     5.187 f  clk_gen/count2_reg[4]/Q
                         net (fo=2, routed)           0.808     5.995    clk_gen/count2_reg_n_0_[4]
    SLICE_X3Y41          LUT4 (Prop_lut4_I0_O)        0.124     6.119 r  clk_gen/count20_carry_i_8/O
                         net (fo=1, routed)           0.776     6.896    clk_gen/count20_carry_i_8_n_0
    SLICE_X3Y44          LUT5 (Prop_lut5_I4_O)        0.124     7.020 r  clk_gen/count20_carry_i_4/O
                         net (fo=6, routed)           1.281     8.301    clk_gen/count20_carry_i_4_n_0
    SLICE_X2Y40          LUT5 (Prop_lut5_I3_O)        0.124     8.425 r  clk_gen/count20_carry_i_1/O
                         net (fo=1, routed)           0.000     8.425    clk_gen/count2[4]
    SLICE_X2Y40          CARRY4 (Prop_carry4_S[3]_CO[3])
                                                      0.376     8.801 r  clk_gen/count20_carry/CO[3]
                         net (fo=1, routed)           0.000     8.801    clk_gen/count20_carry_n_0
    SLICE_X2Y41          CARRY4 (Prop_carry4_CI_CO[3])
                                                      0.117     8.918 r  clk_gen/count20_carry__0/CO[3]
                         net (fo=1, routed)           0.000     8.918    clk_gen/count20_carry__0_n_0
    SLICE_X2Y42          CARRY4 (Prop_carry4_CI_CO[3])
                                                      0.117     9.035 r  clk_gen/count20_carry__1/CO[3]
                         net (fo=1, routed)           0.000     9.035    clk_gen/count20_carry__1_n_0
    SLICE_X2Y43          CARRY4 (Prop_carry4_CI_CO[3])
                                                      0.117     9.152 r  clk_gen/count20_carry__2/CO[3]
                         net (fo=1, routed)           0.000     9.152    clk_gen/count20_carry__2_n_0
    SLICE_X2Y44          CARRY4 (Prop_carry4_CI_CO[3])
                                                      0.117     9.269 r  clk_gen/count20_carry__3/CO[3]
                         net (fo=1, routed)           0.000     9.269    clk_gen/count20_carry__3_n_0
    SLICE_X2Y45          CARRY4 (Prop_carry4_CI_O[1])
                                                      0.323     9.592 r  clk_gen/count20_carry__4/O[1]
                         net (fo=1, routed)           0.000     9.592    clk_gen/count20_carry__4_n_6
    SLICE_X2Y45          FDRE                                         r  clk_gen/count2_reg[22]/D
  -------------------------------------------------------------------    -------------------

                         (clock sys_clk_pin rise edge)
                                                     10.000    10.000 r  
    D13                                               0.000    10.000 r  clk (IN)
                         net (fo=0)                   0.000    10.000    clk
    D13                  IBUF (Prop_ibuf_I_O)         0.843    10.843 r  clk_IBUF_inst/O
                         net (fo=1, routed)           1.862    12.705    clk_IBUF
    BUFGCTRL_X0Y16       BUFG (Prop_bufg_I_O)         0.091    12.796 r  clk_IBUF_BUFG_inst/O
                         net (fo=49, routed)          1.514    14.311    clk_gen/clk_IBUF_BUFG
    SLICE_X2Y45          FDRE                                         r  clk_gen/count2_reg[22]/C
                         clock pessimism              0.335    14.646    
                         clock uncertainty           -0.035    14.611    
    SLICE_X2Y45          FDRE (Setup_fdre_C_D)        0.109    14.720    clk_gen/count2_reg[22]
  -------------------------------------------------------------------
                         required time                         14.720    
                         arrival time                          -9.592    
  -------------------------------------------------------------------
                         slack                                  5.128    

Slack (MET) :             5.136ns  (required time - arrival time)
  Source:                 clk_gen/count2_reg[4]/C
                            (rising edge-triggered cell FDRE clocked by sys_clk_pin  {rise@0.000ns fall@5.000ns period=10.000ns})
  Destination:            clk_gen/count2_reg[24]/D
                            (rising edge-triggered cell FDRE clocked by sys_clk_pin  {rise@0.000ns fall@5.000ns period=10.000ns})
  Path Group:             sys_clk_pin
  Path Type:              Setup (Max at Slow Process Corner)
  Requirement:            10.000ns  (sys_clk_pin rise@10.000ns - sys_clk_pin rise@0.000ns)
  Data Path Delay:        4.915ns  (logic 2.049ns (41.690%)  route 2.866ns (58.310%))
  Logic Levels:           9  (CARRY4=6 LUT4=1 LUT5=2)
  Clock Path Skew:        -0.023ns (DCD - SCD + CPR)
    Destination Clock Delay (DCD):    4.311ns = ( 14.311 - 10.000 ) 
    Source Clock Delay      (SCD):    4.669ns
    Clock Pessimism Removal (CPR):    0.335ns
  Clock Uncertainty:      0.035ns  ((TSJ^2 + TIJ^2)^1/2 + DJ) / 2 + PE
    Total System Jitter     (TSJ):    0.071ns
    Total Input Jitter      (TIJ):    0.000ns
    Discrete Jitter          (DJ):    0.000ns
    Phase Error              (PE):    0.000ns

    Location             Delay type                Incr(ns)  Path(ns)    Netlist Resource(s)
  -------------------------------------------------------------------    -------------------
                         (clock sys_clk_pin rise edge)
                                                      0.000     0.000 r  
    D13                                               0.000     0.000 r  clk (IN)
                         net (fo=0)                   0.000     0.000    clk
    D13                  IBUF (Prop_ibuf_I_O)         0.977     0.977 r  clk_IBUF_inst/O
                         net (fo=1, routed)           1.966     2.942    clk_IBUF
    BUFGCTRL_X0Y16       BUFG (Prop_bufg_I_O)         0.096     3.038 r  clk_IBUF_BUFG_inst/O
                         net (fo=49, routed)          1.630     4.669    clk_gen/clk_IBUF_BUFG
    SLICE_X2Y40          FDRE                                         r  clk_gen/count2_reg[4]/C
  -------------------------------------------------------------------    -------------------
    SLICE_X2Y40          FDRE (Prop_fdre_C_Q)         0.518     5.187 f  clk_gen/count2_reg[4]/Q
                         net (fo=2, routed)           0.808     5.995    clk_gen/count2_reg_n_0_[4]
    SLICE_X3Y41          LUT4 (Prop_lut4_I0_O)        0.124     6.119 r  clk_gen/count20_carry_i_8/O
                         net (fo=1, routed)           0.776     6.896    clk_gen/count20_carry_i_8_n_0
    SLICE_X3Y44          LUT5 (Prop_lut5_I4_O)        0.124     7.020 r  clk_gen/count20_carry_i_4/O
                         net (fo=6, routed)           1.281     8.301    clk_gen/count20_carry_i_4_n_0
    SLICE_X2Y40          LUT5 (Prop_lut5_I3_O)        0.124     8.425 r  clk_gen/count20_carry_i_1/O
                         net (fo=1, routed)           0.000     8.425    clk_gen/count2[4]
    SLICE_X2Y40          CARRY4 (Prop_carry4_S[3]_CO[3])
                                                      0.376     8.801 r  clk_gen/count20_carry/CO[3]
                         net (fo=1, routed)           0.000     8.801    clk_gen/count20_carry_n_0
    SLICE_X2Y41          CARRY4 (Prop_carry4_CI_CO[3])
                                                      0.117     8.918 r  clk_gen/count20_carry__0/CO[3]
                         net (fo=1, routed)           0.000     8.918    clk_gen/count20_carry__0_n_0
    SLICE_X2Y42          CARRY4 (Prop_carry4_CI_CO[3])
                                                      0.117     9.035 r  clk_gen/count20_carry__1/CO[3]
                         net (fo=1, routed)           0.000     9.035    clk_gen/count20_carry__1_n_0
    SLICE_X2Y43          CARRY4 (Prop_carry4_CI_CO[3])
                                                      0.117     9.152 r  clk_gen/count20_carry__2/CO[3]
                         net (fo=1, routed)           0.000     9.152    clk_gen/count20_carry__2_n_0
    SLICE_X2Y44          CARRY4 (Prop_carry4_CI_CO[3])
                                                      0.117     9.269 r  clk_gen/count20_carry__3/CO[3]
                         net (fo=1, routed)           0.000     9.269    clk_gen/count20_carry__3_n_0
    SLICE_X2Y45          CARRY4 (Prop_carry4_CI_O[3])
                                                      0.315     9.584 r  clk_gen/count20_carry__4/O[3]
                         net (fo=1, routed)           0.000     9.584    clk_gen/count20_carry__4_n_4
    SLICE_X2Y45          FDRE                                         r  clk_gen/count2_reg[24]/D
  -------------------------------------------------------------------    -------------------

                         (clock sys_clk_pin rise edge)
                                                     10.000    10.000 r  
    D13                                               0.000    10.000 r  clk (IN)
                         net (fo=0)                   0.000    10.000    clk
    D13                  IBUF (Prop_ibuf_I_O)         0.843    10.843 r  clk_IBUF_inst/O
                         net (fo=1, routed)           1.862    12.705    clk_IBUF
    BUFGCTRL_X0Y16       BUFG (Prop_bufg_I_O)         0.091    12.796 r  clk_IBUF_BUFG_inst/O
                         net (fo=49, routed)          1.514    14.311    clk_gen/clk_IBUF_BUFG
    SLICE_X2Y45          FDRE                                         r  clk_gen/count2_reg[24]/C
                         clock pessimism              0.335    14.646    
                         clock uncertainty           -0.035    14.611    
    SLICE_X2Y45          FDRE (Setup_fdre_C_D)        0.109    14.720    clk_gen/count2_reg[24]
  -------------------------------------------------------------------
                         required time                         14.720    
                         arrival time                          -9.584    
  -------------------------------------------------------------------
                         slack                                  5.136    

Slack (MET) :             5.212ns  (required time - arrival time)
  Source:                 clk_gen/count2_reg[4]/C
                            (rising edge-triggered cell FDRE clocked by sys_clk_pin  {rise@0.000ns fall@5.000ns period=10.000ns})
  Destination:            clk_gen/count2_reg[23]/D
                            (rising edge-triggered cell FDRE clocked by sys_clk_pin  {rise@0.000ns fall@5.000ns period=10.000ns})
  Path Group:             sys_clk_pin
  Path Type:              Setup (Max at Slow Process Corner)
  Requirement:            10.000ns  (sys_clk_pin rise@10.000ns - sys_clk_pin rise@0.000ns)
  Data Path Delay:        4.839ns  (logic 1.973ns (40.774%)  route 2.866ns (59.226%))
  Logic Levels:           9  (CARRY4=6 LUT4=1 LUT5=2)
  Clock Path Skew:        -0.023ns (DCD - SCD + CPR)
    Destination Clock Delay (DCD):    4.311ns = ( 14.311 - 10.000 ) 
    Source Clock Delay      (SCD):    4.669ns
    Clock Pessimism Removal (CPR):    0.335ns
  Clock Uncertainty:      0.035ns  ((TSJ^2 + TIJ^2)^1/2 + DJ) / 2 + PE
    Total System Jitter     (TSJ):    0.071ns
    Total Input Jitter      (TIJ):    0.000ns
    Discrete Jitter          (DJ):    0.000ns
    Phase Error              (PE):    0.000ns

    Location             Delay type                Incr(ns)  Path(ns)    Netlist Resource(s)
  -------------------------------------------------------------------    -------------------
                         (clock sys_clk_pin rise edge)
                                                      0.000     0.000 r  
    D13                                               0.000     0.000 r  clk (IN)
                         net (fo=0)                   0.000     0.000    clk
    D13                  IBUF (Prop_ibuf_I_O)         0.977     0.977 r  clk_IBUF_inst/O
                         net (fo=1, routed)           1.966     2.942    clk_IBUF
    BUFGCTRL_X0Y16       BUFG (Prop_bufg_I_O)         0.096     3.038 r  clk_IBUF_BUFG_inst/O
                         net (fo=49, routed)          1.630     4.669    clk_gen/clk_IBUF_BUFG
    SLICE_X2Y40          FDRE                                         r  clk_gen/count2_reg[4]/C
  -------------------------------------------------------------------    -------------------
    SLICE_X2Y40          FDRE (Prop_fdre_C_Q)         0.518     5.187 f  clk_gen/count2_reg[4]/Q
                         net (fo=2, routed)           0.808     5.995    clk_gen/count2_reg_n_0_[4]
    SLICE_X3Y41          LUT4 (Prop_lut4_I0_O)        0.124     6.119 r  clk_gen/count20_carry_i_8/O
                         net (fo=1, routed)           0.776     6.896    clk_gen/count20_carry_i_8_n_0
    SLICE_X3Y44          LUT5 (Prop_lut5_I4_O)        0.124     7.020 r  clk_gen/count20_carry_i_4/O
                         net (fo=6, routed)           1.281     8.301    clk_gen/count20_carry_i_4_n_0
    SLICE_X2Y40          LUT5 (Prop_lut5_I3_O)        0.124     8.425 r  clk_gen/count20_carry_i_1/O
                         net (fo=1, routed)           0.000     8.425    clk_gen/count2[4]
    SLICE_X2Y40          CARRY4 (Prop_carry4_S[3]_CO[3])
                                                      0.376     8.801 r  clk_gen/count20_carry/CO[3]
                         net (fo=1, routed)           0.000     8.801    clk_gen/count20_carry_n_0
    SLICE_X2Y41          CARRY4 (Prop_carry4_CI_CO[3])
                                                      0.117     8.918 r  clk_gen/count20_carry__0/CO[3]
                         net (fo=1, routed)           0.000     8.918    clk_gen/count20_carry__0_n_0
    SLICE_X2Y42          CARRY4 (Prop_carry4_CI_CO[3])
                                                      0.117     9.035 r  clk_gen/count20_carry__1/CO[3]
                         net (fo=1, routed)           0.000     9.035    clk_gen/count20_carry__1_n_0
    SLICE_X2Y43          CARRY4 (Prop_carry4_CI_CO[3])
                                                      0.117     9.152 r  clk_gen/count20_carry__2/CO[3]
                         net (fo=1, routed)           0.000     9.152    clk_gen/count20_carry__2_n_0
    SLICE_X2Y44          CARRY4 (Prop_carry4_CI_CO[3])
                                                      0.117     9.269 r  clk_gen/count20_carry__3/CO[3]
                         net (fo=1, routed)           0.000     9.269    clk_gen/count20_carry__3_n_0
    SLICE_X2Y45          CARRY4 (Prop_carry4_CI_O[2])
                                                      0.239     9.508 r  clk_gen/count20_carry__4/O[2]
                         net (fo=1, routed)           0.000     9.508    clk_gen/count20_carry__4_n_5
    SLICE_X2Y45          FDRE                                         r  clk_gen/count2_reg[23]/D
  -------------------------------------------------------------------    -------------------

                         (clock sys_clk_pin rise edge)
                                                     10.000    10.000 r  
    D13                                               0.000    10.000 r  clk (IN)
                         net (fo=0)                   0.000    10.000    clk
    D13                  IBUF (Prop_ibuf_I_O)         0.843    10.843 r  clk_IBUF_inst/O
                         net (fo=1, routed)           1.862    12.705    clk_IBUF
    BUFGCTRL_X0Y16       BUFG (Prop_bufg_I_O)         0.091    12.796 r  clk_IBUF_BUFG_inst/O
                         net (fo=49, routed)          1.514    14.311    clk_gen/clk_IBUF_BUFG
    SLICE_X2Y45          FDRE                                         r  clk_gen/count2_reg[23]/C
                         clock pessimism              0.335    14.646    
                         clock uncertainty           -0.035    14.611    
    SLICE_X2Y45          FDRE (Setup_fdre_C_D)        0.109    14.720    clk_gen/count2_reg[23]
  -------------------------------------------------------------------
                         required time                         14.720    
                         arrival time                          -9.508    
  -------------------------------------------------------------------
                         slack                                  5.212    





Min Delay Paths
--------------------------------------------------------------------------------------
Slack (MET) :             0.265ns  (arrival time - required time)
  Source:                 clk_gen/count2_reg[0]/C
                            (rising edge-triggered cell FDRE clocked by sys_clk_pin  {rise@0.000ns fall@5.000ns period=10.000ns})
  Destination:            clk_gen/count2_reg[1]/D
                            (rising edge-triggered cell FDRE clocked by sys_clk_pin  {rise@0.000ns fall@5.000ns period=10.000ns})
  Path Group:             sys_clk_pin
  Path Type:              Hold (Min at Fast Process Corner)
  Requirement:            0.000ns  (sys_clk_pin rise@0.000ns - sys_clk_pin rise@0.000ns)
  Data Path Delay:        0.415ns  (logic 0.299ns (72.006%)  route 0.116ns (27.994%))
  Logic Levels:           1  (CARRY4=1)
  Clock Path Skew:        0.016ns (DCD - SCD - CPR)
    Destination Clock Delay (DCD):    1.971ns
    Source Clock Delay      (SCD):    1.454ns
    Clock Pessimism Removal (CPR):    0.501ns

    Location             Delay type                Incr(ns)  Path(ns)    Netlist Resource(s)
  -------------------------------------------------------------------    -------------------
                         (clock sys_clk_pin rise edge)
                                                      0.000     0.000 r  
    D13                                               0.000     0.000 r  clk (IN)
                         net (fo=0)                   0.000     0.000    clk
    D13                  IBUF (Prop_ibuf_I_O)         0.206     0.206 r  clk_IBUF_inst/O
                         net (fo=1, routed)           0.631     0.837    clk_IBUF
    BUFGCTRL_X0Y16       BUFG (Prop_bufg_I_O)         0.026     0.863 r  clk_IBUF_BUFG_inst/O
                         net (fo=49, routed)          0.592     1.454    clk_gen/clk_IBUF_BUFG
    SLICE_X3Y42          FDRE                                         r  clk_gen/count2_reg[0]/C
  -------------------------------------------------------------------    -------------------
    SLICE_X3Y42          FDRE (Prop_fdre_C_Q)         0.141     1.595 r  clk_gen/count2_reg[0]/Q
                         net (fo=3, routed)           0.116     1.712    clk_gen/count2[0]
    SLICE_X2Y40          CARRY4 (Prop_carry4_CYINIT_O[0])
                                                      0.158     1.870 r  clk_gen/count20_carry/O[0]
                         net (fo=1, routed)           0.000     1.870    clk_gen/count20_carry_n_7
    SLICE_X2Y40          FDRE                                         r  clk_gen/count2_reg[1]/D
  -------------------------------------------------------------------    -------------------

                         (clock sys_clk_pin rise edge)
                                                      0.000     0.000 r  
    D13                                               0.000     0.000 r  clk (IN)
                         net (fo=0)                   0.000     0.000    clk
    D13                  IBUF (Prop_ibuf_I_O)         0.395     0.395 r  clk_IBUF_inst/O
                         net (fo=1, routed)           0.685     1.079    clk_IBUF
    BUFGCTRL_X0Y16       BUFG (Prop_bufg_I_O)         0.029     1.108 r  clk_IBUF_BUFG_inst/O
                         net (fo=49, routed)          0.863     1.971    clk_gen/clk_IBUF_BUFG
    SLICE_X2Y40          FDRE                                         r  clk_gen/count2_reg[1]/C
                         clock pessimism             -0.501     1.470    
    SLICE_X2Y40          FDRE (Hold_fdre_C_D)         0.134     1.604    clk_gen/count2_reg[1]
  -------------------------------------------------------------------
                         required time                         -1.604    
                         arrival time                           1.870    
  -------------------------------------------------------------------
                         slack                                  0.265    

Slack (MET) :             0.266ns  (arrival time - required time)
  Source:                 clk_gen/count2_reg[15]/C
                            (rising edge-triggered cell FDRE clocked by sys_clk_pin  {rise@0.000ns fall@5.000ns period=10.000ns})
  Destination:            clk_gen/count2_reg[15]/D
                            (rising edge-triggered cell FDRE clocked by sys_clk_pin  {rise@0.000ns fall@5.000ns period=10.000ns})
  Path Group:             sys_clk_pin
  Path Type:              Hold (Min at Fast Process Corner)
  Requirement:            0.000ns  (sys_clk_pin rise@0.000ns - sys_clk_pin rise@0.000ns)
  Data Path Delay:        0.400ns  (logic 0.274ns (68.524%)  route 0.126ns (31.476%))
  Logic Levels:           1  (CARRY4=1)
  Clock Path Skew:        0.000ns (DCD - SCD - CPR)
    Destination Clock Delay (DCD):    1.972ns
    Source Clock Delay      (SCD):    1.455ns
    Clock Pessimism Removal (CPR):    0.517ns

    Location             Delay type                Incr(ns)  Path(ns)    Netlist Resource(s)
  -------------------------------------------------------------------    -------------------
                         (clock sys_clk_pin rise edge)
                                                      0.000     0.000 r  
    D13                                               0.000     0.000 r  clk (IN)
                         net (fo=0)                   0.000     0.000    clk
    D13                  IBUF (Prop_ibuf_I_O)         0.206     0.206 r  clk_IBUF_inst/O
                         net (fo=1, routed)           0.631     0.837    clk_IBUF
    BUFGCTRL_X0Y16       BUFG (Prop_bufg_I_O)         0.026     0.863 r  clk_IBUF_BUFG_inst/O
                         net (fo=49, routed)          0.593     1.455    clk_gen/clk_IBUF_BUFG
    SLICE_X2Y43          FDRE                                         r  clk_gen/count2_reg[15]/C
  -------------------------------------------------------------------    -------------------
    SLICE_X2Y43          FDRE (Prop_fdre_C_Q)         0.164     1.619 r  clk_gen/count2_reg[15]/Q
                         net (fo=2, routed)           0.126     1.745    clk_gen/count2[15]
    SLICE_X2Y43          CARRY4 (Prop_carry4_S[2]_O[2])
                                                      0.110     1.855 r  clk_gen/count20_carry__2/O[2]
                         net (fo=1, routed)           0.000     1.855    clk_gen/count20_carry__2_n_5
    SLICE_X2Y43          FDRE                                         r  clk_gen/count2_reg[15]/D
  -------------------------------------------------------------------    -------------------

                         (clock sys_clk_pin rise edge)
                                                      0.000     0.000 r  
    D13                                               0.000     0.000 r  clk (IN)
                         net (fo=0)                   0.000     0.000    clk
    D13                  IBUF (Prop_ibuf_I_O)         0.395     0.395 r  clk_IBUF_inst/O
                         net (fo=1, routed)           0.685     1.079    clk_IBUF
    BUFGCTRL_X0Y16       BUFG (Prop_bufg_I_O)         0.029     1.108 r  clk_IBUF_BUFG_inst/O
                         net (fo=49, routed)          0.864     1.972    clk_gen/clk_IBUF_BUFG
    SLICE_X2Y43          FDRE                                         r  clk_gen/count2_reg[15]/C
                         clock pessimism             -0.517     1.455    
    SLICE_X2Y43          FDRE (Hold_fdre_C_D)         0.134     1.589    clk_gen/count2_reg[15]
  -------------------------------------------------------------------
                         required time                         -1.589    
                         arrival time                           1.855    
  -------------------------------------------------------------------
                         slack                                  0.266    

Slack (MET) :             0.267ns  (arrival time - required time)
  Source:                 clk_gen/count2_reg[11]/C
                            (rising edge-triggered cell FDRE clocked by sys_clk_pin  {rise@0.000ns fall@5.000ns period=10.000ns})
  Destination:            clk_gen/count2_reg[11]/D
                            (rising edge-triggered cell FDRE clocked by sys_clk_pin  {rise@0.000ns fall@5.000ns period=10.000ns})
  Path Group:             sys_clk_pin
  Path Type:              Hold (Min at Fast Process Corner)
  Requirement:            0.000ns  (sys_clk_pin rise@0.000ns - sys_clk_pin rise@0.000ns)
  Data Path Delay:        0.401ns  (logic 0.274ns (68.412%)  route 0.127ns (31.588%))
  Logic Levels:           1  (CARRY4=1)
  Clock Path Skew:        0.000ns (DCD - SCD - CPR)
    Destination Clock Delay (DCD):    1.971ns
    Source Clock Delay      (SCD):    1.454ns
    Clock Pessimism Removal (CPR):    0.517ns

    Location             Delay type                Incr(ns)  Path(ns)    Netlist Resource(s)
  -------------------------------------------------------------------    -------------------
                         (clock sys_clk_pin rise edge)
                                                      0.000     0.000 r  
    D13                                               0.000     0.000 r  clk (IN)
                         net (fo=0)                   0.000     0.000    clk
    D13                  IBUF (Prop_ibuf_I_O)         0.206     0.206 r  clk_IBUF_inst/O
                         net (fo=1, routed)           0.631     0.837    clk_IBUF
    BUFGCTRL_X0Y16       BUFG (Prop_bufg_I_O)         0.026     0.863 r  clk_IBUF_BUFG_inst/O
                         net (fo=49, routed)          0.592     1.454    clk_gen/clk_IBUF_BUFG
    SLICE_X2Y42          FDRE                                         r  clk_gen/count2_reg[11]/C
  -------------------------------------------------------------------    -------------------
    SLICE_X2Y42          FDRE (Prop_fdre_C_Q)         0.164     1.618 r  clk_gen/count2_reg[11]/Q
                         net (fo=2, routed)           0.127     1.745    clk_gen/count2[11]
    SLICE_X2Y42          CARRY4 (Prop_carry4_S[2]_O[2])
                                                      0.110     1.855 r  clk_gen/count20_carry__1/O[2]
                         net (fo=1, routed)           0.000     1.855    clk_gen/count20_carry__1_n_5
    SLICE_X2Y42          FDRE                                         r  clk_gen/count2_reg[11]/D
  -------------------------------------------------------------------    -------------------

                         (clock sys_clk_pin rise edge)
                                                      0.000     0.000 r  
    D13                                               0.000     0.000 r  clk (IN)
                         net (fo=0)                   0.000     0.000    clk
    D13                  IBUF (Prop_ibuf_I_O)         0.395     0.395 r  clk_IBUF_inst/O
                         net (fo=1, routed)           0.685     1.079    clk_IBUF
    BUFGCTRL_X0Y16       BUFG (Prop_bufg_I_O)         0.029     1.108 r  clk_IBUF_BUFG_inst/O
                         net (fo=49, routed)          0.863     1.971    clk_gen/clk_IBUF_BUFG
    SLICE_X2Y42          FDRE                                         r  clk_gen/count2_reg[11]/C
                         clock pessimism             -0.517     1.454    
    SLICE_X2Y42          FDRE (Hold_fdre_C_D)         0.134     1.588    clk_gen/count2_reg[11]
  -------------------------------------------------------------------
                         required time                         -1.588    
                         arrival time                           1.855    
  -------------------------------------------------------------------
                         slack                                  0.267    

Slack (MET) :             0.267ns  (arrival time - required time)
  Source:                 clk_gen/count2_reg[3]/C
                            (rising edge-triggered cell FDRE clocked by sys_clk_pin  {rise@0.000ns fall@5.000ns period=10.000ns})
  Destination:            clk_gen/count2_reg[3]/D
                            (rising edge-triggered cell FDRE clocked by sys_clk_pin  {rise@0.000ns fall@5.000ns period=10.000ns})
  Path Group:             sys_clk_pin
  Path Type:              Hold (Min at Fast Process Corner)
  Requirement:            0.000ns  (sys_clk_pin rise@0.000ns - sys_clk_pin rise@0.000ns)
  Data Path Delay:        0.401ns  (logic 0.274ns (68.412%)  route 0.127ns (31.588%))
  Logic Levels:           1  (CARRY4=1)
  Clock Path Skew:        0.000ns (DCD - SCD - CPR)
    Destination Clock Delay (DCD):    1.971ns
    Source Clock Delay      (SCD):    1.454ns
    Clock Pessimism Removal (CPR):    0.517ns

    Location             Delay type                Incr(ns)  Path(ns)    Netlist Resource(s)
  -------------------------------------------------------------------    -------------------
                         (clock sys_clk_pin rise edge)
                                                      0.000     0.000 r  
    D13                                               0.000     0.000 r  clk (IN)
                         net (fo=0)                   0.000     0.000    clk
    D13                  IBUF (Prop_ibuf_I_O)         0.206     0.206 r  clk_IBUF_inst/O
                         net (fo=1, routed)           0.631     0.837    clk_IBUF
    BUFGCTRL_X0Y16       BUFG (Prop_bufg_I_O)         0.026     0.863 r  clk_IBUF_BUFG_inst/O
                         net (fo=49, routed)          0.592     1.454    clk_gen/clk_IBUF_BUFG
    SLICE_X2Y40          FDRE                                         r  clk_gen/count2_reg[3]/C
  -------------------------------------------------------------------    -------------------
    SLICE_X2Y40          FDRE (Prop_fdre_C_Q)         0.164     1.618 r  clk_gen/count2_reg[3]/Q
                         net (fo=2, routed)           0.127     1.745    clk_gen/count2[3]
    SLICE_X2Y40          CARRY4 (Prop_carry4_S[2]_O[2])
                                                      0.110     1.855 r  clk_gen/count20_carry/O[2]
                         net (fo=1, routed)           0.000     1.855    clk_gen/count20_carry_n_5
    SLICE_X2Y40          FDRE                                         r  clk_gen/count2_reg[3]/D
  -------------------------------------------------------------------    -------------------

                         (clock sys_clk_pin rise edge)
                                                      0.000     0.000 r  
    D13                                               0.000     0.000 r  clk (IN)
                         net (fo=0)                   0.000     0.000    clk
    D13                  IBUF (Prop_ibuf_I_O)         0.395     0.395 r  clk_IBUF_inst/O
                         net (fo=1, routed)           0.685     1.079    clk_IBUF
    BUFGCTRL_X0Y16       BUFG (Prop_bufg_I_O)         0.029     1.108 r  clk_IBUF_BUFG_inst/O
                         net (fo=49, routed)          0.863     1.971    clk_gen/clk_IBUF_BUFG
    SLICE_X2Y40          FDRE                                         r  clk_gen/count2_reg[3]/C
                         clock pessimism             -0.517     1.454    
    SLICE_X2Y40          FDRE (Hold_fdre_C_D)         0.134     1.588    clk_gen/count2_reg[3]
  -------------------------------------------------------------------
                         required time                         -1.588    
                         arrival time                           1.855    
  -------------------------------------------------------------------
                         slack                                  0.267    

Slack (MET) :             0.267ns  (arrival time - required time)
  Source:                 clk_gen/count2_reg[7]/C
                            (rising edge-triggered cell FDRE clocked by sys_clk_pin  {rise@0.000ns fall@5.000ns period=10.000ns})
  Destination:            clk_gen/count2_reg[7]/D
                            (rising edge-triggered cell FDRE clocked by sys_clk_pin  {rise@0.000ns fall@5.000ns period=10.000ns})
  Path Group:             sys_clk_pin
  Path Type:              Hold (Min at Fast Process Corner)
  Requirement:            0.000ns  (sys_clk_pin rise@0.000ns - sys_clk_pin rise@0.000ns)
  Data Path Delay:        0.401ns  (logic 0.274ns (68.412%)  route 0.127ns (31.588%))
  Logic Levels:           1  (CARRY4=1)
  Clock Path Skew:        0.000ns (DCD - SCD - CPR)
    Destination Clock Delay (DCD):    1.971ns
    Source Clock Delay      (SCD):    1.454ns
    Clock Pessimism Removal (CPR):    0.517ns

    Location             Delay type                Incr(ns)  Path(ns)    Netlist Resource(s)
  -------------------------------------------------------------------    -------------------
                         (clock sys_clk_pin rise edge)
                                                      0.000     0.000 r  
    D13                                               0.000     0.000 r  clk (IN)
                         net (fo=0)                   0.000     0.000    clk
    D13                  IBUF (Prop_ibuf_I_O)         0.206     0.206 r  clk_IBUF_inst/O
                         net (fo=1, routed)           0.631     0.837    clk_IBUF
    BUFGCTRL_X0Y16       BUFG (Prop_bufg_I_O)         0.026     0.863 r  clk_IBUF_BUFG_inst/O
                         net (fo=49, routed)          0.592     1.454    clk_gen/clk_IBUF_BUFG
    SLICE_X2Y41          FDRE                                         r  clk_gen/count2_reg[7]/C
  -------------------------------------------------------------------    -------------------
    SLICE_X2Y41          FDRE (Prop_fdre_C_Q)         0.164     1.618 r  clk_gen/count2_reg[7]/Q
                         net (fo=2, routed)           0.127     1.745    clk_gen/count2[7]
    SLICE_X2Y41          CARRY4 (Prop_carry4_S[2]_O[2])
                                                      0.110     1.855 r  clk_gen/count20_carry__0/O[2]
                         net (fo=1, routed)           0.000     1.855    clk_gen/count20_carry__0_n_5
    SLICE_X2Y41          FDRE                                         r  clk_gen/count2_reg[7]/D
  -------------------------------------------------------------------    -------------------

                         (clock sys_clk_pin rise edge)
                                                      0.000     0.000 r  
    D13                                               0.000     0.000 r  clk (IN)
                         net (fo=0)                   0.000     0.000    clk
    D13                  IBUF (Prop_ibuf_I_O)         0.395     0.395 r  clk_IBUF_inst/O
                         net (fo=1, routed)           0.685     1.079    clk_IBUF
    BUFGCTRL_X0Y16       BUFG (Prop_bufg_I_O)         0.029     1.108 r  clk_IBUF_BUFG_inst/O
                         net (fo=49, routed)          0.863     1.971    clk_gen/clk_IBUF_BUFG
    SLICE_X2Y41          FDRE                                         r  clk_gen/count2_reg[7]/C
                         clock pessimism             -0.517     1.454    
    SLICE_X2Y41          FDRE (Hold_fdre_C_D)         0.134     1.588    clk_gen/count2_reg[7]
  -------------------------------------------------------------------
                         required time                         -1.588    
                         arrival time                           1.855    
  -------------------------------------------------------------------
                         slack                                  0.267    

Slack (MET) :             0.269ns  (arrival time - required time)
  Source:                 clk_gen/count2_reg[31]/C
                            (rising edge-triggered cell FDRE clocked by sys_clk_pin  {rise@0.000ns fall@5.000ns period=10.000ns})
  Destination:            clk_gen/count2_reg[31]/D
                            (rising edge-triggered cell FDRE clocked by sys_clk_pin  {rise@0.000ns fall@5.000ns period=10.000ns})
  Path Group:             sys_clk_pin
  Path Type:              Hold (Min at Fast Process Corner)
  Requirement:            0.000ns  (sys_clk_pin rise@0.000ns - sys_clk_pin rise@0.000ns)
  Data Path Delay:        0.403ns  (logic 0.274ns (68.033%)  route 0.129ns (31.967%))
  Logic Levels:           1  (CARRY4=1)
  Clock Path Skew:        0.000ns (DCD - SCD - CPR)
    Destination Clock Delay (DCD):    1.973ns
    Source Clock Delay      (SCD):    1.456ns
    Clock Pessimism Removal (CPR):    0.517ns

    Location             Delay type                Incr(ns)  Path(ns)    Netlist Resource(s)
  -------------------------------------------------------------------    -------------------
                         (clock sys_clk_pin rise edge)
                                                      0.000     0.000 r  
    D13                                               0.000     0.000 r  clk (IN)
                         net (fo=0)                   0.000     0.000    clk
    D13                  IBUF (Prop_ibuf_I_O)         0.206     0.206 r  clk_IBUF_inst/O
                         net (fo=1, routed)           0.631     0.837    clk_IBUF
    BUFGCTRL_X0Y16       BUFG (Prop_bufg_I_O)         0.026     0.863 r  clk_IBUF_BUFG_inst/O
                         net (fo=49, routed)          0.594     1.456    clk_gen/clk_IBUF_BUFG
    SLICE_X2Y47          FDRE                                         r  clk_gen/count2_reg[31]/C
  -------------------------------------------------------------------    -------------------
    SLICE_X2Y47          FDRE (Prop_fdre_C_Q)         0.164     1.620 r  clk_gen/count2_reg[31]/Q
                         net (fo=2, routed)           0.129     1.749    clk_gen/count2[31]
    SLICE_X2Y47          CARRY4 (Prop_carry4_S[2]_O[2])
                                                      0.110     1.859 r  clk_gen/count20_carry__6/O[2]
                         net (fo=1, routed)           0.000     1.859    clk_gen/count20_carry__6_n_5
    SLICE_X2Y47          FDRE                                         r  clk_gen/count2_reg[31]/D
  -------------------------------------------------------------------    -------------------

                         (clock sys_clk_pin rise edge)
                                                      0.000     0.000 r  
    D13                                               0.000     0.000 r  clk (IN)
                         net (fo=0)                   0.000     0.000    clk
    D13                  IBUF (Prop_ibuf_I_O)         0.395     0.395 r  clk_IBUF_inst/O
                         net (fo=1, routed)           0.685     1.079    clk_IBUF
    BUFGCTRL_X0Y16       BUFG (Prop_bufg_I_O)         0.029     1.108 r  clk_IBUF_BUFG_inst/O
                         net (fo=49, routed)          0.865     1.973    clk_gen/clk_IBUF_BUFG
    SLICE_X2Y47          FDRE                                         r  clk_gen/count2_reg[31]/C
                         clock pessimism             -0.517     1.456    
    SLICE_X2Y47          FDRE (Hold_fdre_C_D)         0.134     1.590    clk_gen/count2_reg[31]
  -------------------------------------------------------------------
                         required time                         -1.590    
                         arrival time                           1.859    
  -------------------------------------------------------------------
                         slack                                  0.269    

Slack (MET) :             0.287ns  (arrival time - required time)
  Source:                 clk_gen/count2_reg[8]/C
                            (rising edge-triggered cell FDRE clocked by sys_clk_pin  {rise@0.000ns fall@5.000ns period=10.000ns})
  Destination:            clk_gen/count2_reg[8]/D
                            (rising edge-triggered cell FDRE clocked by sys_clk_pin  {rise@0.000ns fall@5.000ns period=10.000ns})
  Path Group:             sys_clk_pin
  Path Type:              Hold (Min at Fast Process Corner)
  Requirement:            0.000ns  (sys_clk_pin rise@0.000ns - sys_clk_pin rise@0.000ns)
  Data Path Delay:        0.421ns  (logic 0.273ns (64.814%)  route 0.148ns (35.186%))
  Logic Levels:           2  (CARRY4=1 LUT5=1)
  Clock Path Skew:        0.000ns (DCD - SCD - CPR)
    Destination Clock Delay (DCD):    1.971ns
    Source Clock Delay      (SCD):    1.454ns
    Clock Pessimism Removal (CPR):    0.517ns

    Location             Delay type                Incr(ns)  Path(ns)    Netlist Resource(s)
  -------------------------------------------------------------------    -------------------
                         (clock sys_clk_pin rise edge)
                                                      0.000     0.000 r  
    D13                                               0.000     0.000 r  clk (IN)
                         net (fo=0)                   0.000     0.000    clk
    D13                  IBUF (Prop_ibuf_I_O)         0.206     0.206 r  clk_IBUF_inst/O
                         net (fo=1, routed)           0.631     0.837    clk_IBUF
    BUFGCTRL_X0Y16       BUFG (Prop_bufg_I_O)         0.026     0.863 r  clk_IBUF_BUFG_inst/O
                         net (fo=49, routed)          0.592     1.454    clk_gen/clk_IBUF_BUFG
    SLICE_X2Y41          FDRE                                         r  clk_gen/count2_reg[8]/C
  -------------------------------------------------------------------    -------------------
    SLICE_X2Y41          FDRE (Prop_fdre_C_Q)         0.164     1.618 r  clk_gen/count2_reg[8]/Q
                         net (fo=2, routed)           0.148     1.767    clk_gen/count2_reg_n_0_[8]
    SLICE_X2Y41          LUT5 (Prop_lut5_I0_O)        0.045     1.812 r  clk_gen/count20_carry__0_i_1/O
                         net (fo=1, routed)           0.000     1.812    clk_gen/count2[8]
    SLICE_X2Y41          CARRY4 (Prop_carry4_S[3]_O[3])
                                                      0.064     1.876 r  clk_gen/count20_carry__0/O[3]
                         net (fo=1, routed)           0.000     1.876    clk_gen/count20_carry__0_n_4
    SLICE_X2Y41          FDRE                                         r  clk_gen/count2_reg[8]/D
  -------------------------------------------------------------------    -------------------

                         (clock sys_clk_pin rise edge)
                                                      0.000     0.000 r  
    D13                                               0.000     0.000 r  clk (IN)
                         net (fo=0)                   0.000     0.000    clk
    D13                  IBUF (Prop_ibuf_I_O)         0.395     0.395 r  clk_IBUF_inst/O
                         net (fo=1, routed)           0.685     1.079    clk_IBUF
    BUFGCTRL_X0Y16       BUFG (Prop_bufg_I_O)         0.029     1.108 r  clk_IBUF_BUFG_inst/O
                         net (fo=49, routed)          0.863     1.971    clk_gen/clk_IBUF_BUFG
    SLICE_X2Y41          FDRE                                         r  clk_gen/count2_reg[8]/C
                         clock pessimism             -0.517     1.454    
    SLICE_X2Y41          FDRE (Hold_fdre_C_D)         0.134     1.588    clk_gen/count2_reg[8]
  -------------------------------------------------------------------
                         required time                         -1.588    
                         arrival time                           1.876    
  -------------------------------------------------------------------
                         slack                                  0.287    

Slack (MET) :             0.288ns  (arrival time - required time)
  Source:                 clk_gen/count2_reg[4]/C
                            (rising edge-triggered cell FDRE clocked by sys_clk_pin  {rise@0.000ns fall@5.000ns period=10.000ns})
  Destination:            clk_gen/count2_reg[4]/D
                            (rising edge-triggered cell FDRE clocked by sys_clk_pin  {rise@0.000ns fall@5.000ns period=10.000ns})
  Path Group:             sys_clk_pin
  Path Type:              Hold (Min at Fast Process Corner)
  Requirement:            0.000ns  (sys_clk_pin rise@0.000ns - sys_clk_pin rise@0.000ns)
  Data Path Delay:        0.422ns  (logic 0.273ns (64.655%)  route 0.149ns (35.345%))
  Logic Levels:           2  (CARRY4=1 LUT5=1)
  Clock Path Skew:        0.000ns (DCD - SCD - CPR)
    Destination Clock Delay (DCD):    1.971ns
    Source Clock Delay      (SCD):    1.454ns
    Clock Pessimism Removal (CPR):    0.517ns

    Location             Delay type                Incr(ns)  Path(ns)    Netlist Resource(s)
  -------------------------------------------------------------------    -------------------
                         (clock sys_clk_pin rise edge)
                                                      0.000     0.000 r  
    D13                                               0.000     0.000 r  clk (IN)
                         net (fo=0)                   0.000     0.000    clk
    D13                  IBUF (Prop_ibuf_I_O)         0.206     0.206 r  clk_IBUF_inst/O
                         net (fo=1, routed)           0.631     0.837    clk_IBUF
    BUFGCTRL_X0Y16       BUFG (Prop_bufg_I_O)         0.026     0.863 r  clk_IBUF_BUFG_inst/O
                         net (fo=49, routed)          0.592     1.454    clk_gen/clk_IBUF_BUFG
    SLICE_X2Y40          FDRE                                         r  clk_gen/count2_reg[4]/C
  -------------------------------------------------------------------    -------------------
    SLICE_X2Y40          FDRE (Prop_fdre_C_Q)         0.164     1.618 r  clk_gen/count2_reg[4]/Q
                         net (fo=2, routed)           0.149     1.768    clk_gen/count2_reg_n_0_[4]
    SLICE_X2Y40          LUT5 (Prop_lut5_I0_O)        0.045     1.813 r  clk_gen/count20_carry_i_1/O
                         net (fo=1, routed)           0.000     1.813    clk_gen/count2[4]
    SLICE_X2Y40          CARRY4 (Prop_carry4_S[3]_O[3])
                                                      0.064     1.877 r  clk_gen/count20_carry/O[3]
                         net (fo=1, routed)           0.000     1.877    clk_gen/count20_carry_n_4
    SLICE_X2Y40          FDRE                                         r  clk_gen/count2_reg[4]/D
  -------------------------------------------------------------------    -------------------

                         (clock sys_clk_pin rise edge)
                                                      0.000     0.000 r  
    D13                                               0.000     0.000 r  clk (IN)
                         net (fo=0)                   0.000     0.000    clk
    D13                  IBUF (Prop_ibuf_I_O)         0.395     0.395 r  clk_IBUF_inst/O
                         net (fo=1, routed)           0.685     1.079    clk_IBUF
    BUFGCTRL_X0Y16       BUFG (Prop_bufg_I_O)         0.029     1.108 r  clk_IBUF_BUFG_inst/O
                         net (fo=49, routed)          0.863     1.971    clk_gen/clk_IBUF_BUFG
    SLICE_X2Y40          FDRE                                         r  clk_gen/count2_reg[4]/C
                         clock pessimism             -0.517     1.454    
    SLICE_X2Y40          FDRE (Hold_fdre_C_D)         0.134     1.588    clk_gen/count2_reg[4]
  -------------------------------------------------------------------
                         required time                         -1.588    
                         arrival time                           1.877    
  -------------------------------------------------------------------
                         slack                                  0.288    

Slack (MET) :             0.291ns  (arrival time - required time)
  Source:                 clk_gen/count2_reg[0]/C
                            (rising edge-triggered cell FDRE clocked by sys_clk_pin  {rise@0.000ns fall@5.000ns period=10.000ns})
  Destination:            clk_gen/count2_reg[2]/D
                            (rising edge-triggered cell FDRE clocked by sys_clk_pin  {rise@0.000ns fall@5.000ns period=10.000ns})
  Path Group:             sys_clk_pin
  Path Type:              Hold (Min at Fast Process Corner)
  Requirement:            0.000ns  (sys_clk_pin rise@0.000ns - sys_clk_pin rise@0.000ns)
  Data Path Delay:        0.441ns  (logic 0.325ns (73.656%)  route 0.116ns (26.344%))
  Logic Levels:           1  (CARRY4=1)
  Clock Path Skew:        0.016ns (DCD - SCD - CPR)
    Destination Clock Delay (DCD):    1.971ns
    Source Clock Delay      (SCD):    1.454ns
    Clock Pessimism Removal (CPR):    0.501ns

    Location             Delay type                Incr(ns)  Path(ns)    Netlist Resource(s)
  -------------------------------------------------------------------    -------------------
                         (clock sys_clk_pin rise edge)
                                                      0.000     0.000 r  
    D13                                               0.000     0.000 r  clk (IN)
                         net (fo=0)                   0.000     0.000    clk
    D13                  IBUF (Prop_ibuf_I_O)         0.206     0.206 r  clk_IBUF_inst/O
                         net (fo=1, routed)           0.631     0.837    clk_IBUF
    BUFGCTRL_X0Y16       BUFG (Prop_bufg_I_O)         0.026     0.863 r  clk_IBUF_BUFG_inst/O
                         net (fo=49, routed)          0.592     1.454    clk_gen/clk_IBUF_BUFG
    SLICE_X3Y42          FDRE                                         r  clk_gen/count2_reg[0]/C
  -------------------------------------------------------------------    -------------------
    SLICE_X3Y42          FDRE (Prop_fdre_C_Q)         0.141     1.595 r  clk_gen/count2_reg[0]/Q
                         net (fo=3, routed)           0.116     1.712    clk_gen/count2[0]
    SLICE_X2Y40          CARRY4 (Prop_carry4_CYINIT_O[1])
                                                      0.184     1.896 r  clk_gen/count20_carry/O[1]
                         net (fo=1, routed)           0.000     1.896    clk_gen/count20_carry_n_6
    SLICE_X2Y40          FDRE                                         r  clk_gen/count2_reg[2]/D
  -------------------------------------------------------------------    -------------------

                         (clock sys_clk_pin rise edge)
                                                      0.000     0.000 r  
    D13                                               0.000     0.000 r  clk (IN)
                         net (fo=0)                   0.000     0.000    clk
    D13                  IBUF (Prop_ibuf_I_O)         0.395     0.395 r  clk_IBUF_inst/O
                         net (fo=1, routed)           0.685     1.079    clk_IBUF
    BUFGCTRL_X0Y16       BUFG (Prop_bufg_I_O)         0.029     1.108 r  clk_IBUF_BUFG_inst/O
                         net (fo=49, routed)          0.863     1.971    clk_gen/clk_IBUF_BUFG
    SLICE_X2Y40          FDRE                                         r  clk_gen/count2_reg[2]/C
                         clock pessimism             -0.501     1.470    
    SLICE_X2Y40          FDRE (Hold_fdre_C_D)         0.134     1.604    clk_gen/count2_reg[2]
  -------------------------------------------------------------------
                         required time                         -1.604    
                         arrival time                           1.896    
  -------------------------------------------------------------------
                         slack                                  0.291    

Slack (MET) :             0.302ns  (arrival time - required time)
  Source:                 clk_gen/count2_reg[15]/C
                            (rising edge-triggered cell FDRE clocked by sys_clk_pin  {rise@0.000ns fall@5.000ns period=10.000ns})
  Destination:            clk_gen/count2_reg[16]/D
                            (rising edge-triggered cell FDRE clocked by sys_clk_pin  {rise@0.000ns fall@5.000ns period=10.000ns})
  Path Group:             sys_clk_pin
  Path Type:              Hold (Min at Fast Process Corner)
  Requirement:            0.000ns  (sys_clk_pin rise@0.000ns - sys_clk_pin rise@0.000ns)
  Data Path Delay:        0.436ns  (logic 0.310ns (71.124%)  route 0.126ns (28.876%))
  Logic Levels:           1  (CARRY4=1)
  Clock Path Skew:        0.000ns (DCD - SCD - CPR)
    Destination Clock Delay (DCD):    1.972ns
    Source Clock Delay      (SCD):    1.455ns
    Clock Pessimism Removal (CPR):    0.517ns

    Location             Delay type                Incr(ns)  Path(ns)    Netlist Resource(s)
  -------------------------------------------------------------------    -------------------
                         (clock sys_clk_pin rise edge)
                                                      0.000     0.000 r  
    D13                                               0.000     0.000 r  clk (IN)
                         net (fo=0)                   0.000     0.000    clk
    D13                  IBUF (Prop_ibuf_I_O)         0.206     0.206 r  clk_IBUF_inst/O
                         net (fo=1, routed)           0.631     0.837    clk_IBUF
    BUFGCTRL_X0Y16       BUFG (Prop_bufg_I_O)         0.026     0.863 r  clk_IBUF_BUFG_inst/O
                         net (fo=49, routed)          0.593     1.455    clk_gen/clk_IBUF_BUFG
    SLICE_X2Y43          FDRE                                         r  clk_gen/count2_reg[15]/C
  -------------------------------------------------------------------    -------------------
    SLICE_X2Y43          FDRE (Prop_fdre_C_Q)         0.164     1.619 r  clk_gen/count2_reg[15]/Q
                         net (fo=2, routed)           0.126     1.745    clk_gen/count2[15]
    SLICE_X2Y43          CARRY4 (Prop_carry4_S[2]_O[3])
                                                      0.146     1.891 r  clk_gen/count20_carry__2/O[3]
                         net (fo=1, routed)           0.000     1.891    clk_gen/count20_carry__2_n_4
    SLICE_X2Y43          FDRE                                         r  clk_gen/count2_reg[16]/D
  -------------------------------------------------------------------    -------------------

                         (clock sys_clk_pin rise edge)
                                                      0.000     0.000 r  
    D13                                               0.000     0.000 r  clk (IN)
                         net (fo=0)                   0.000     0.000    clk
    D13                  IBUF (Prop_ibuf_I_O)         0.395     0.395 r  clk_IBUF_inst/O
                         net (fo=1, routed)           0.685     1.079    clk_IBUF
    BUFGCTRL_X0Y16       BUFG (Prop_bufg_I_O)         0.029     1.108 r  clk_IBUF_BUFG_inst/O
                         net (fo=49, routed)          0.864     1.972    clk_gen/clk_IBUF_BUFG
    SLICE_X2Y43          FDRE                                         r  clk_gen/count2_reg[16]/C
                         clock pessimism             -0.517     1.455    
    SLICE_X2Y43          FDRE (Hold_fdre_C_D)         0.134     1.589    clk_gen/count2_reg[16]
  -------------------------------------------------------------------
                         required time                         -1.589    
                         arrival time                           1.891    
  -------------------------------------------------------------------
                         slack                                  0.302    





Pulse Width Checks
--------------------------------------------------------------------------------------
Clock Name:         sys_clk_pin
Waveform(ns):       { 0.000 5.000 }
Period(ns):         10.000
Sources:            { clk }

Check Type        Corner  Lib Pin  Reference Pin  Required(ns)  Actual(ns)  Slack(ns)  Location        Pin
Min Period        n/a     BUFG/I   n/a            2.155         10.000      7.845      BUFGCTRL_X0Y16  clk_IBUF_BUFG_inst/I
Min Period        n/a     FDRE/C   n/a            1.000         10.000      9.000      SLICE_X1Y34     reg_hex_reg[0]/C
Min Period        n/a     FDRE/C   n/a            1.000         10.000      9.000      SLICE_X3Y37     reg_hex_reg[10]/C
Min Period        n/a     FDRE/C   n/a            1.000         10.000      9.000      SLICE_X3Y35     reg_hex_reg[11]/C
Min Period        n/a     FDRE/C   n/a            1.000         10.000      9.000      SLICE_X1Y36     reg_hex_reg[12]/C
Min Period        n/a     FDRE/C   n/a            1.000         10.000      9.000      SLICE_X3Y39     reg_hex_reg[13]/C
Min Period        n/a     FDRE/C   n/a            1.000         10.000      9.000      SLICE_X3Y40     reg_hex_reg[14]/C
Min Period        n/a     FDRE/C   n/a            1.000         10.000      9.000      SLICE_X3Y38     reg_hex_reg[15]/C
Min Period        n/a     FDRE/C   n/a            1.000         10.000      9.000      SLICE_X3Y34     reg_hex_reg[1]/C
Min Period        n/a     FDRE/C   n/a            1.000         10.000      9.000      SLICE_X3Y34     reg_hex_reg[2]/C
Low Pulse Width   Slow    FDRE/C   n/a            0.500         5.000       4.500      SLICE_X1Y34     reg_hex_reg[0]/C
Low Pulse Width   Fast    FDRE/C   n/a            0.500         5.000       4.500      SLICE_X1Y34     reg_hex_reg[0]/C
Low Pulse Width   Slow    FDRE/C   n/a            0.500         5.000       4.500      SLICE_X3Y37     reg_hex_reg[10]/C
Low Pulse Width   Fast    FDRE/C   n/a            0.500         5.000       4.500      SLICE_X3Y37     reg_hex_reg[10]/C
Low Pulse Width   Slow    FDRE/C   n/a            0.500         5.000       4.500      SLICE_X3Y35     reg_hex_reg[11]/C
Low Pulse Width   Fast    FDRE/C   n/a            0.500         5.000       4.500      SLICE_X3Y35     reg_hex_reg[11]/C
Low Pulse Width   Slow    FDRE/C   n/a            0.500         5.000       4.500      SLICE_X1Y36     reg_hex_reg[12]/C
Low Pulse Width   Fast    FDRE/C   n/a            0.500         5.000       4.500      SLICE_X1Y36     reg_hex_reg[12]/C
Low Pulse Width   Slow    FDRE/C   n/a            0.500         5.000       4.500      SLICE_X3Y39     reg_hex_reg[13]/C
Low Pulse Width   Fast    FDRE/C   n/a            0.500         5.000       4.500      SLICE_X3Y39     reg_hex_reg[13]/C
High Pulse Width  Slow    FDRE/C   n/a            0.500         5.000       4.500      SLICE_X1Y34     reg_hex_reg[0]/C
High Pulse Width  Fast    FDRE/C   n/a            0.500         5.000       4.500      SLICE_X1Y34     reg_hex_reg[0]/C
High Pulse Width  Slow    FDRE/C   n/a            0.500         5.000       4.500      SLICE_X3Y37     reg_hex_reg[10]/C
High Pulse Width  Fast    FDRE/C   n/a            0.500         5.000       4.500      SLICE_X3Y37     reg_hex_reg[10]/C
High Pulse Width  Slow    FDRE/C   n/a            0.500         5.000       4.500      SLICE_X3Y35     reg_hex_reg[11]/C
High Pulse Width  Fast    FDRE/C   n/a            0.500         5.000       4.500      SLICE_X3Y35     reg_hex_reg[11]/C
High Pulse Width  Slow    FDRE/C   n/a            0.500         5.000       4.500      SLICE_X1Y36     reg_hex_reg[12]/C
High Pulse Width  Fast    FDRE/C   n/a            0.500         5.000       4.500      SLICE_X1Y36     reg_hex_reg[12]/C
High Pulse Width  Slow    FDRE/C   n/a            0.500         5.000       4.500      SLICE_X3Y39     reg_hex_reg[13]/C
High Pulse Width  Fast    FDRE/C   n/a            0.500         5.000       4.500      SLICE_X3Y39     reg_hex_reg[13]/C



--------------------------------------------------------------------------------------
Path Group:  (none)
From Clock:  
  To Clock:  

Max Delay           977 Endpoints
Min Delay           977 Endpoints
--------------------------------------------------------------------------------------


Max Delay Paths
--------------------------------------------------------------------------------------
Slack:                    inf
  Source:                 mips_top/mips/dp/pc_reg/q_reg[2]/C
                            (rising edge-triggered cell FDCE)
  Destination:            mips_top/mips/dp/pc_reg/q_reg[30]/D
  Path Group:             (none)
  Path Type:              Max at Slow Process Corner
  Data Path Delay:        20.203ns  (logic 4.979ns (24.645%)  route 15.224ns (75.355%))
  Logic Levels:           24  (CARRY4=14 FDCE=1 LUT3=2 LUT4=1 LUT5=2 LUT6=3 RAMD32=1)

    Location             Delay type                Incr(ns)  Path(ns)    Netlist Resource(s)
  -------------------------------------------------------------------    -------------------
    SLICE_X6Y29          FDCE                         0.000     0.000 r  mips_top/mips/dp/pc_reg/q_reg[2]/C
    SLICE_X6Y29          FDCE (Prop_fdce_C_Q)         0.518     0.518 r  mips_top/mips/dp/pc_reg/q_reg[2]/Q
                         net (fo=114, routed)         5.032     5.550    mips_top/mips/dp/pc_reg/Q[0]
    SLICE_X7Y39          LUT5 (Prop_lut5_I3_O)        0.124     5.674 r  mips_top/mips/dp/pc_reg/rf_reg_r2_0_31_0_5_i_3/O
                         net (fo=33, routed)          2.094     7.768    mips_top/mips/dp/rf/rf_reg_r2_0_31_0_5/ADDRA0
    SLICE_X8Y31          RAMD32 (Prop_ramd32_RADR0_O)
                                                      0.150     7.918 r  mips_top/mips/dp/rf/rf_reg_r2_0_31_0_5/RAMA/O
                         net (fo=3, routed)           0.994     8.912    mips_top/mips/dp/pc_reg/rd20[0]
    SLICE_X9Y30          LUT6 (Prop_lut6_I5_O)        0.328     9.240 r  mips_top/mips/dp/pc_reg/i__carry_i_13/O
                         net (fo=5, routed)           1.297    10.537    mips_top/mips/dp/pc_reg/q_reg[3]_0[0]
    SLICE_X12Y32         LUT3 (Prop_lut3_I0_O)        0.124    10.661 r  mips_top/mips/dp/pc_reg/i__carry_i_8/O
                         net (fo=1, routed)           0.000    10.661    mips_top/mips/dp/alu/S[0]
    SLICE_X12Y32         CARRY4 (Prop_carry4_S[0]_CO[3])
                                                      0.513    11.174 r  mips_top/mips/dp/alu/y0_inferred__2/i__carry/CO[3]
                         net (fo=1, routed)           0.000    11.174    mips_top/mips/dp/alu/y0_inferred__2/i__carry_n_0
    SLICE_X12Y33         CARRY4 (Prop_carry4_CI_CO[3])
                                                      0.117    11.291 r  mips_top/mips/dp/alu/y0_inferred__2/i__carry__0/CO[3]
                         net (fo=1, routed)           0.000    11.291    mips_top/mips/dp/alu/y0_inferred__2/i__carry__0_n_0
    SLICE_X12Y34         CARRY4 (Prop_carry4_CI_CO[3])
                                                      0.117    11.408 r  mips_top/mips/dp/alu/y0_inferred__2/i__carry__1/CO[3]
                         net (fo=1, routed)           0.000    11.408    mips_top/mips/dp/alu/y0_inferred__2/i__carry__1_n_0
    SLICE_X12Y35         CARRY4 (Prop_carry4_CI_CO[3])
                                                      0.117    11.525 r  mips_top/mips/dp/alu/y0_inferred__2/i__carry__2/CO[3]
                         net (fo=1, routed)           0.000    11.525    mips_top/mips/dp/alu/y0_inferred__2/i__carry__2_n_0
    SLICE_X12Y36         CARRY4 (Prop_carry4_CI_CO[3])
                                                      0.117    11.642 r  mips_top/mips/dp/alu/y0_inferred__2/i__carry__3/CO[3]
                         net (fo=1, routed)           0.000    11.642    mips_top/mips/dp/alu/y0_inferred__2/i__carry__3_n_0
    SLICE_X12Y37         CARRY4 (Prop_carry4_CI_CO[3])
                                                      0.117    11.759 r  mips_top/mips/dp/alu/y0_inferred__2/i__carry__4/CO[3]
                         net (fo=1, routed)           0.000    11.759    mips_top/mips/dp/alu/y0_inferred__2/i__carry__4_n_0
    SLICE_X12Y38         CARRY4 (Prop_carry4_CI_O[1])
                                                      0.323    12.082 f  mips_top/mips/dp/alu/y0_inferred__2/i__carry__5/O[1]
                         net (fo=1, routed)           0.821    12.903    mips_top/mips/dp/pc_reg/y_carry_i_7_0[24]
    SLICE_X12Y40         LUT6 (Prop_lut6_I3_O)        0.306    13.209 f  mips_top/mips/dp/pc_reg/rf_reg_r1_0_31_24_29_i_7/O
                         net (fo=3, routed)           1.153    14.362    mips_top/mips/dp/pc_reg/rf_reg_r1_0_31_24_29_i_7_n_0
    SLICE_X9Y40          LUT4 (Prop_lut4_I2_O)        0.124    14.486 r  mips_top/mips/dp/pc_reg/y_carry_i_13/O
                         net (fo=1, routed)           0.730    15.216    mips_top/mips/dp/pc_reg/y_carry_i_13_n_0
    SLICE_X7Y40          LUT5 (Prop_lut5_I4_O)        0.124    15.340 r  mips_top/mips/dp/pc_reg/y_carry_i_7/O
                         net (fo=30, routed)          2.284    17.624    mips_top/mips/dp/pc_reg/y_carry_i_7_n_0
    SLICE_X5Y32          LUT6 (Prop_lut6_I4_O)        0.124    17.748 r  mips_top/mips/dp/pc_reg/y_carry__0_i_1/O
                         net (fo=1, routed)           0.000    17.748    mips_top/mips/dp/pc_plus_br/q_reg[8][3]
    SLICE_X5Y32          CARRY4 (Prop_carry4_S[3]_CO[3])
                                                      0.401    18.149 r  mips_top/mips/dp/pc_plus_br/y_carry__0/CO[3]
                         net (fo=1, routed)           0.000    18.149    mips_top/mips/dp/pc_plus_br/y_carry__0_n_0
    SLICE_X5Y33          CARRY4 (Prop_carry4_CI_CO[3])
                                                      0.114    18.263 r  mips_top/mips/dp/pc_plus_br/y_carry__1/CO[3]
                         net (fo=1, routed)           0.000    18.263    mips_top/mips/dp/pc_plus_br/y_carry__1_n_0
    SLICE_X5Y34          CARRY4 (Prop_carry4_CI_CO[3])
                                                      0.114    18.377 r  mips_top/mips/dp/pc_plus_br/y_carry__2/CO[3]
                         net (fo=1, routed)           0.000    18.377    mips_top/mips/dp/pc_plus_br/y_carry__2_n_0
    SLICE_X5Y35          CARRY4 (Prop_carry4_CI_CO[3])
                                                      0.114    18.491 r  mips_top/mips/dp/pc_plus_br/y_carry__3/CO[3]
                         net (fo=1, routed)           0.000    18.491    mips_top/mips/dp/pc_plus_br/y_carry__3_n_0
    SLICE_X5Y36          CARRY4 (Prop_carry4_CI_CO[3])
                                                      0.114    18.605 r  mips_top/mips/dp/pc_plus_br/y_carry__4/CO[3]
                         net (fo=1, routed)           0.000    18.605    mips_top/mips/dp/pc_plus_br/y_carry__4_n_0
    SLICE_X5Y37          CARRY4 (Prop_carry4_CI_CO[3])
                                                      0.114    18.719 r  mips_top/mips/dp/pc_plus_br/y_carry__5/CO[3]
                         net (fo=1, routed)           0.000    18.719    mips_top/mips/dp/pc_plus_br/y_carry__5_n_0
    SLICE_X5Y38          CARRY4 (Prop_carry4_CI_O[1])
                                                      0.334    19.053 r  mips_top/mips/dp/pc_plus_br/y_carry__6/O[1]
                         net (fo=1, routed)           0.819    19.872    mips_top/mips/dp/pc_reg/y[27]
    SLICE_X4Y39          LUT3 (Prop_lut3_I2_O)        0.331    20.203 r  mips_top/mips/dp/pc_reg/q[30]_i_1/O
                         net (fo=1, routed)           0.000    20.203    mips_top/mips/dp/pc_reg/q[30]_i_1_n_0
    SLICE_X4Y39          FDCE                                         r  mips_top/mips/dp/pc_reg/q_reg[30]/D
  -------------------------------------------------------------------    -------------------

Slack:                    inf
  Source:                 mips_top/mips/dp/pc_reg/q_reg[2]/C
                            (rising edge-triggered cell FDCE)
  Destination:            mips_top/mips/dp/pc_reg/q_reg[31]/D
  Path Group:             (none)
  Path Type:              Max at Slow Process Corner
  Data Path Delay:        20.200ns  (logic 4.855ns (24.034%)  route 15.345ns (75.966%))
  Logic Levels:           24  (CARRY4=14 FDCE=1 LUT3=2 LUT4=1 LUT5=2 LUT6=3 RAMD32=1)

    Location             Delay type                Incr(ns)  Path(ns)    Netlist Resource(s)
  -------------------------------------------------------------------    -------------------
    SLICE_X6Y29          FDCE                         0.000     0.000 r  mips_top/mips/dp/pc_reg/q_reg[2]/C
    SLICE_X6Y29          FDCE (Prop_fdce_C_Q)         0.518     0.518 r  mips_top/mips/dp/pc_reg/q_reg[2]/Q
                         net (fo=114, routed)         5.032     5.550    mips_top/mips/dp/pc_reg/Q[0]
    SLICE_X7Y39          LUT5 (Prop_lut5_I3_O)        0.124     5.674 r  mips_top/mips/dp/pc_reg/rf_reg_r2_0_31_0_5_i_3/O
                         net (fo=33, routed)          2.094     7.768    mips_top/mips/dp/rf/rf_reg_r2_0_31_0_5/ADDRA0
    SLICE_X8Y31          RAMD32 (Prop_ramd32_RADR0_O)
                                                      0.150     7.918 r  mips_top/mips/dp/rf/rf_reg_r2_0_31_0_5/RAMA/O
                         net (fo=3, routed)           0.994     8.912    mips_top/mips/dp/pc_reg/rd20[0]
    SLICE_X9Y30          LUT6 (Prop_lut6_I5_O)        0.328     9.240 r  mips_top/mips/dp/pc_reg/i__carry_i_13/O
                         net (fo=5, routed)           1.297    10.537    mips_top/mips/dp/pc_reg/q_reg[3]_0[0]
    SLICE_X12Y32         LUT3 (Prop_lut3_I0_O)        0.124    10.661 r  mips_top/mips/dp/pc_reg/i__carry_i_8/O
                         net (fo=1, routed)           0.000    10.661    mips_top/mips/dp/alu/S[0]
    SLICE_X12Y32         CARRY4 (Prop_carry4_S[0]_CO[3])
                                                      0.513    11.174 r  mips_top/mips/dp/alu/y0_inferred__2/i__carry/CO[3]
                         net (fo=1, routed)           0.000    11.174    mips_top/mips/dp/alu/y0_inferred__2/i__carry_n_0
    SLICE_X12Y33         CARRY4 (Prop_carry4_CI_CO[3])
                                                      0.117    11.291 r  mips_top/mips/dp/alu/y0_inferred__2/i__carry__0/CO[3]
                         net (fo=1, routed)           0.000    11.291    mips_top/mips/dp/alu/y0_inferred__2/i__carry__0_n_0
    SLICE_X12Y34         CARRY4 (Prop_carry4_CI_CO[3])
                                                      0.117    11.408 r  mips_top/mips/dp/alu/y0_inferred__2/i__carry__1/CO[3]
                         net (fo=1, routed)           0.000    11.408    mips_top/mips/dp/alu/y0_inferred__2/i__carry__1_n_0
    SLICE_X12Y35         CARRY4 (Prop_carry4_CI_CO[3])
                                                      0.117    11.525 r  mips_top/mips/dp/alu/y0_inferred__2/i__carry__2/CO[3]
                         net (fo=1, routed)           0.000    11.525    mips_top/mips/dp/alu/y0_inferred__2/i__carry__2_n_0
    SLICE_X12Y36         CARRY4 (Prop_carry4_CI_CO[3])
                                                      0.117    11.642 r  mips_top/mips/dp/alu/y0_inferred__2/i__carry__3/CO[3]
                         net (fo=1, routed)           0.000    11.642    mips_top/mips/dp/alu/y0_inferred__2/i__carry__3_n_0
    SLICE_X12Y37         CARRY4 (Prop_carry4_CI_CO[3])
                                                      0.117    11.759 r  mips_top/mips/dp/alu/y0_inferred__2/i__carry__4/CO[3]
                         net (fo=1, routed)           0.000    11.759    mips_top/mips/dp/alu/y0_inferred__2/i__carry__4_n_0
    SLICE_X12Y38         CARRY4 (Prop_carry4_CI_O[1])
                                                      0.323    12.082 f  mips_top/mips/dp/alu/y0_inferred__2/i__carry__5/O[1]
                         net (fo=1, routed)           0.821    12.903    mips_top/mips/dp/pc_reg/y_carry_i_7_0[24]
    SLICE_X12Y40         LUT6 (Prop_lut6_I3_O)        0.306    13.209 f  mips_top/mips/dp/pc_reg/rf_reg_r1_0_31_24_29_i_7/O
                         net (fo=3, routed)           1.153    14.362    mips_top/mips/dp/pc_reg/rf_reg_r1_0_31_24_29_i_7_n_0
    SLICE_X9Y40          LUT4 (Prop_lut4_I2_O)        0.124    14.486 r  mips_top/mips/dp/pc_reg/y_carry_i_13/O
                         net (fo=1, routed)           0.730    15.216    mips_top/mips/dp/pc_reg/y_carry_i_13_n_0
    SLICE_X7Y40          LUT5 (Prop_lut5_I4_O)        0.124    15.340 r  mips_top/mips/dp/pc_reg/y_carry_i_7/O
                         net (fo=30, routed)          2.284    17.624    mips_top/mips/dp/pc_reg/y_carry_i_7_n_0
    SLICE_X5Y32          LUT6 (Prop_lut6_I4_O)        0.124    17.748 r  mips_top/mips/dp/pc_reg/y_carry__0_i_1/O
                         net (fo=1, routed)           0.000    17.748    mips_top/mips/dp/pc_plus_br/q_reg[8][3]
    SLICE_X5Y32          CARRY4 (Prop_carry4_S[3]_CO[3])
                                                      0.401    18.149 r  mips_top/mips/dp/pc_plus_br/y_carry__0/CO[3]
                         net (fo=1, routed)           0.000    18.149    mips_top/mips/dp/pc_plus_br/y_carry__0_n_0
    SLICE_X5Y33          CARRY4 (Prop_carry4_CI_CO[3])
                                                      0.114    18.263 r  mips_top/mips/dp/pc_plus_br/y_carry__1/CO[3]
                         net (fo=1, routed)           0.000    18.263    mips_top/mips/dp/pc_plus_br/y_carry__1_n_0
    SLICE_X5Y34          CARRY4 (Prop_carry4_CI_CO[3])
                                                      0.114    18.377 r  mips_top/mips/dp/pc_plus_br/y_carry__2/CO[3]
                         net (fo=1, routed)           0.000    18.377    mips_top/mips/dp/pc_plus_br/y_carry__2_n_0
    SLICE_X5Y35          CARRY4 (Prop_carry4_CI_CO[3])
                                                      0.114    18.491 r  mips_top/mips/dp/pc_plus_br/y_carry__3/CO[3]
                         net (fo=1, routed)           0.000    18.491    mips_top/mips/dp/pc_plus_br/y_carry__3_n_0
    SLICE_X5Y36          CARRY4 (Prop_carry4_CI_CO[3])
                                                      0.114    18.605 r  mips_top/mips/dp/pc_plus_br/y_carry__4/CO[3]
                         net (fo=1, routed)           0.000    18.605    mips_top/mips/dp/pc_plus_br/y_carry__4_n_0
    SLICE_X5Y37          CARRY4 (Prop_carry4_CI_CO[3])
                                                      0.114    18.719 r  mips_top/mips/dp/pc_plus_br/y_carry__5/CO[3]
                         net (fo=1, routed)           0.000    18.719    mips_top/mips/dp/pc_plus_br/y_carry__5_n_0
    SLICE_X5Y38          CARRY4 (Prop_carry4_CI_O[2])
                                                      0.239    18.958 r  mips_top/mips/dp/pc_plus_br/y_carry__6/O[2]
                         net (fo=1, routed)           0.940    19.898    mips_top/mips/dp/pc_reg/y[28]
    SLICE_X4Y39          LUT3 (Prop_lut3_I2_O)        0.302    20.200 r  mips_top/mips/dp/pc_reg/q[31]_i_1/O
                         net (fo=1, routed)           0.000    20.200    mips_top/mips/dp/pc_reg/q[31]_i_1_n_0
    SLICE_X4Y39          FDCE                                         r  mips_top/mips/dp/pc_reg/q_reg[31]/D
  -------------------------------------------------------------------    -------------------

Slack:                    inf
  Source:                 mips_top/mips/dp/pc_reg/q_reg[2]/C
                            (rising edge-triggered cell FDCE)
  Destination:            mips_top/mips/dp/pc_reg/q_reg[23]/D
  Path Group:             (none)
  Path Type:              Max at Slow Process Corner
  Data Path Delay:        20.138ns  (logic 4.627ns (22.976%)  route 15.511ns (77.024%))
  Logic Levels:           22  (CARRY4=12 FDCE=1 LUT3=1 LUT4=1 LUT5=2 LUT6=4 RAMD32=1)

    Location             Delay type                Incr(ns)  Path(ns)    Netlist Resource(s)
  -------------------------------------------------------------------    -------------------
    SLICE_X6Y29          FDCE                         0.000     0.000 r  mips_top/mips/dp/pc_reg/q_reg[2]/C
    SLICE_X6Y29          FDCE (Prop_fdce_C_Q)         0.518     0.518 r  mips_top/mips/dp/pc_reg/q_reg[2]/Q
                         net (fo=114, routed)         5.032     5.550    mips_top/mips/dp/pc_reg/Q[0]
    SLICE_X7Y39          LUT5 (Prop_lut5_I3_O)        0.124     5.674 r  mips_top/mips/dp/pc_reg/rf_reg_r2_0_31_0_5_i_3/O
                         net (fo=33, routed)          2.094     7.768    mips_top/mips/dp/rf/rf_reg_r2_0_31_0_5/ADDRA0
    SLICE_X8Y31          RAMD32 (Prop_ramd32_RADR0_O)
                                                      0.150     7.918 r  mips_top/mips/dp/rf/rf_reg_r2_0_31_0_5/RAMA/O
                         net (fo=3, routed)           0.994     8.912    mips_top/mips/dp/pc_reg/rd20[0]
    SLICE_X9Y30          LUT6 (Prop_lut6_I5_O)        0.328     9.240 r  mips_top/mips/dp/pc_reg/i__carry_i_13/O
                         net (fo=5, routed)           1.297    10.537    mips_top/mips/dp/pc_reg/q_reg[3]_0[0]
    SLICE_X12Y32         LUT3 (Prop_lut3_I0_O)        0.124    10.661 r  mips_top/mips/dp/pc_reg/i__carry_i_8/O
                         net (fo=1, routed)           0.000    10.661    mips_top/mips/dp/alu/S[0]
    SLICE_X12Y32         CARRY4 (Prop_carry4_S[0]_CO[3])
                                                      0.513    11.174 r  mips_top/mips/dp/alu/y0_inferred__2/i__carry/CO[3]
                         net (fo=1, routed)           0.000    11.174    mips_top/mips/dp/alu/y0_inferred__2/i__carry_n_0
    SLICE_X12Y33         CARRY4 (Prop_carry4_CI_CO[3])
                                                      0.117    11.291 r  mips_top/mips/dp/alu/y0_inferred__2/i__carry__0/CO[3]
                         net (fo=1, routed)           0.000    11.291    mips_top/mips/dp/alu/y0_inferred__2/i__carry__0_n_0
    SLICE_X12Y34         CARRY4 (Prop_carry4_CI_CO[3])
                                                      0.117    11.408 r  mips_top/mips/dp/alu/y0_inferred__2/i__carry__1/CO[3]
                         net (fo=1, routed)           0.000    11.408    mips_top/mips/dp/alu/y0_inferred__2/i__carry__1_n_0
    SLICE_X12Y35         CARRY4 (Prop_carry4_CI_CO[3])
                                                      0.117    11.525 r  mips_top/mips/dp/alu/y0_inferred__2/i__carry__2/CO[3]
                         net (fo=1, routed)           0.000    11.525    mips_top/mips/dp/alu/y0_inferred__2/i__carry__2_n_0
    SLICE_X12Y36         CARRY4 (Prop_carry4_CI_CO[3])
                                                      0.117    11.642 r  mips_top/mips/dp/alu/y0_inferred__2/i__carry__3/CO[3]
                         net (fo=1, routed)           0.000    11.642    mips_top/mips/dp/alu/y0_inferred__2/i__carry__3_n_0
    SLICE_X12Y37         CARRY4 (Prop_carry4_CI_CO[3])
                                                      0.117    11.759 r  mips_top/mips/dp/alu/y0_inferred__2/i__carry__4/CO[3]
                         net (fo=1, routed)           0.000    11.759    mips_top/mips/dp/alu/y0_inferred__2/i__carry__4_n_0
    SLICE_X12Y38         CARRY4 (Prop_carry4_CI_O[1])
                                                      0.323    12.082 f  mips_top/mips/dp/alu/y0_inferred__2/i__carry__5/O[1]
                         net (fo=1, routed)           0.821    12.903    mips_top/mips/dp/pc_reg/y_carry_i_7_0[24]
    SLICE_X12Y40         LUT6 (Prop_lut6_I3_O)        0.306    13.209 f  mips_top/mips/dp/pc_reg/rf_reg_r1_0_31_24_29_i_7/O
                         net (fo=3, routed)           1.153    14.362    mips_top/mips/dp/pc_reg/rf_reg_r1_0_31_24_29_i_7_n_0
    SLICE_X9Y40          LUT4 (Prop_lut4_I2_O)        0.124    14.486 r  mips_top/mips/dp/pc_reg/y_carry_i_13/O
                         net (fo=1, routed)           0.730    15.216    mips_top/mips/dp/pc_reg/y_carry_i_13_n_0
    SLICE_X7Y40          LUT5 (Prop_lut5_I4_O)        0.124    15.340 r  mips_top/mips/dp/pc_reg/y_carry_i_7/O
                         net (fo=30, routed)          2.284    17.624    mips_top/mips/dp/pc_reg/y_carry_i_7_n_0
    SLICE_X5Y32          LUT6 (Prop_lut6_I4_O)        0.124    17.748 r  mips_top/mips/dp/pc_reg/y_carry__0_i_1/O
                         net (fo=1, routed)           0.000    17.748    mips_top/mips/dp/pc_plus_br/q_reg[8][3]
    SLICE_X5Y32          CARRY4 (Prop_carry4_S[3]_CO[3])
                                                      0.401    18.149 r  mips_top/mips/dp/pc_plus_br/y_carry__0/CO[3]
                         net (fo=1, routed)           0.000    18.149    mips_top/mips/dp/pc_plus_br/y_carry__0_n_0
    SLICE_X5Y33          CARRY4 (Prop_carry4_CI_CO[3])
                                                      0.114    18.263 r  mips_top/mips/dp/pc_plus_br/y_carry__1/CO[3]
                         net (fo=1, routed)           0.000    18.263    mips_top/mips/dp/pc_plus_br/y_carry__1_n_0
    SLICE_X5Y34          CARRY4 (Prop_carry4_CI_CO[3])
                                                      0.114    18.377 r  mips_top/mips/dp/pc_plus_br/y_carry__2/CO[3]
                         net (fo=1, routed)           0.000    18.377    mips_top/mips/dp/pc_plus_br/y_carry__2_n_0
    SLICE_X5Y35          CARRY4 (Prop_carry4_CI_CO[3])
                                                      0.114    18.491 r  mips_top/mips/dp/pc_plus_br/y_carry__3/CO[3]
                         net (fo=1, routed)           0.000    18.491    mips_top/mips/dp/pc_plus_br/y_carry__3_n_0
    SLICE_X5Y36          CARRY4 (Prop_carry4_CI_O[2])
                                                      0.239    18.730 r  mips_top/mips/dp/pc_plus_br/y_carry__4/O[2]
                         net (fo=1, routed)           1.106    19.836    mips_top/mips/dp/pc_reg/y[21]
    SLICE_X5Y39          LUT6 (Prop_lut6_I5_O)        0.302    20.138 r  mips_top/mips/dp/pc_reg/q[23]_i_1/O
                         net (fo=1, routed)           0.000    20.138    mips_top/mips/dp/pc_reg/q[23]_i_1_n_0
    SLICE_X5Y39          FDCE                                         r  mips_top/mips/dp/pc_reg/q_reg[23]/D
  -------------------------------------------------------------------    -------------------

Slack:                    inf
  Source:                 mips_top/mips/dp/pc_reg/q_reg[2]/C
                            (rising edge-triggered cell FDCE)
  Destination:            mips_top/mips/dp/pc_reg/q_reg[22]/D
  Path Group:             (none)
  Path Type:              Max at Slow Process Corner
  Data Path Delay:        20.124ns  (logic 4.723ns (23.470%)  route 15.401ns (76.530%))
  Logic Levels:           22  (CARRY4=12 FDCE=1 LUT3=1 LUT4=1 LUT5=2 LUT6=4 RAMD32=1)

    Location             Delay type                Incr(ns)  Path(ns)    Netlist Resource(s)
  -------------------------------------------------------------------    -------------------
    SLICE_X6Y29          FDCE                         0.000     0.000 r  mips_top/mips/dp/pc_reg/q_reg[2]/C
    SLICE_X6Y29          FDCE (Prop_fdce_C_Q)         0.518     0.518 r  mips_top/mips/dp/pc_reg/q_reg[2]/Q
                         net (fo=114, routed)         5.032     5.550    mips_top/mips/dp/pc_reg/Q[0]
    SLICE_X7Y39          LUT5 (Prop_lut5_I3_O)        0.124     5.674 r  mips_top/mips/dp/pc_reg/rf_reg_r2_0_31_0_5_i_3/O
                         net (fo=33, routed)          2.094     7.768    mips_top/mips/dp/rf/rf_reg_r2_0_31_0_5/ADDRA0
    SLICE_X8Y31          RAMD32 (Prop_ramd32_RADR0_O)
                                                      0.150     7.918 r  mips_top/mips/dp/rf/rf_reg_r2_0_31_0_5/RAMA/O
                         net (fo=3, routed)           0.994     8.912    mips_top/mips/dp/pc_reg/rd20[0]
    SLICE_X9Y30          LUT6 (Prop_lut6_I5_O)        0.328     9.240 r  mips_top/mips/dp/pc_reg/i__carry_i_13/O
                         net (fo=5, routed)           1.297    10.537    mips_top/mips/dp/pc_reg/q_reg[3]_0[0]
    SLICE_X12Y32         LUT3 (Prop_lut3_I0_O)        0.124    10.661 r  mips_top/mips/dp/pc_reg/i__carry_i_8/O
                         net (fo=1, routed)           0.000    10.661    mips_top/mips/dp/alu/S[0]
    SLICE_X12Y32         CARRY4 (Prop_carry4_S[0]_CO[3])
                                                      0.513    11.174 r  mips_top/mips/dp/alu/y0_inferred__2/i__carry/CO[3]
                         net (fo=1, routed)           0.000    11.174    mips_top/mips/dp/alu/y0_inferred__2/i__carry_n_0
    SLICE_X12Y33         CARRY4 (Prop_carry4_CI_CO[3])
                                                      0.117    11.291 r  mips_top/mips/dp/alu/y0_inferred__2/i__carry__0/CO[3]
                         net (fo=1, routed)           0.000    11.291    mips_top/mips/dp/alu/y0_inferred__2/i__carry__0_n_0
    SLICE_X12Y34         CARRY4 (Prop_carry4_CI_CO[3])
                                                      0.117    11.408 r  mips_top/mips/dp/alu/y0_inferred__2/i__carry__1/CO[3]
                         net (fo=1, routed)           0.000    11.408    mips_top/mips/dp/alu/y0_inferred__2/i__carry__1_n_0
    SLICE_X12Y35         CARRY4 (Prop_carry4_CI_CO[3])
                                                      0.117    11.525 r  mips_top/mips/dp/alu/y0_inferred__2/i__carry__2/CO[3]
                         net (fo=1, routed)           0.000    11.525    mips_top/mips/dp/alu/y0_inferred__2/i__carry__2_n_0
    SLICE_X12Y36         CARRY4 (Prop_carry4_CI_CO[3])
                                                      0.117    11.642 r  mips_top/mips/dp/alu/y0_inferred__2/i__carry__3/CO[3]
                         net (fo=1, routed)           0.000    11.642    mips_top/mips/dp/alu/y0_inferred__2/i__carry__3_n_0
    SLICE_X12Y37         CARRY4 (Prop_carry4_CI_CO[3])
                                                      0.117    11.759 r  mips_top/mips/dp/alu/y0_inferred__2/i__carry__4/CO[3]
                         net (fo=1, routed)           0.000    11.759    mips_top/mips/dp/alu/y0_inferred__2/i__carry__4_n_0
    SLICE_X12Y38         CARRY4 (Prop_carry4_CI_O[1])
                                                      0.323    12.082 f  mips_top/mips/dp/alu/y0_inferred__2/i__carry__5/O[1]
                         net (fo=1, routed)           0.821    12.903    mips_top/mips/dp/pc_reg/y_carry_i_7_0[24]
    SLICE_X12Y40         LUT6 (Prop_lut6_I3_O)        0.306    13.209 f  mips_top/mips/dp/pc_reg/rf_reg_r1_0_31_24_29_i_7/O
                         net (fo=3, routed)           1.153    14.362    mips_top/mips/dp/pc_reg/rf_reg_r1_0_31_24_29_i_7_n_0
    SLICE_X9Y40          LUT4 (Prop_lut4_I2_O)        0.124    14.486 r  mips_top/mips/dp/pc_reg/y_carry_i_13/O
                         net (fo=1, routed)           0.730    15.216    mips_top/mips/dp/pc_reg/y_carry_i_13_n_0
    SLICE_X7Y40          LUT5 (Prop_lut5_I4_O)        0.124    15.340 r  mips_top/mips/dp/pc_reg/y_carry_i_7/O
                         net (fo=30, routed)          2.284    17.624    mips_top/mips/dp/pc_reg/y_carry_i_7_n_0
    SLICE_X5Y32          LUT6 (Prop_lut6_I4_O)        0.124    17.748 r  mips_top/mips/dp/pc_reg/y_carry__0_i_1/O
                         net (fo=1, routed)           0.000    17.748    mips_top/mips/dp/pc_plus_br/q_reg[8][3]
    SLICE_X5Y32          CARRY4 (Prop_carry4_S[3]_CO[3])
                                                      0.401    18.149 r  mips_top/mips/dp/pc_plus_br/y_carry__0/CO[3]
                         net (fo=1, routed)           0.000    18.149    mips_top/mips/dp/pc_plus_br/y_carry__0_n_0
    SLICE_X5Y33          CARRY4 (Prop_carry4_CI_CO[3])
                                                      0.114    18.263 r  mips_top/mips/dp/pc_plus_br/y_carry__1/CO[3]
                         net (fo=1, routed)           0.000    18.263    mips_top/mips/dp/pc_plus_br/y_carry__1_n_0
    SLICE_X5Y34          CARRY4 (Prop_carry4_CI_CO[3])
                                                      0.114    18.377 r  mips_top/mips/dp/pc_plus_br/y_carry__2/CO[3]
                         net (fo=1, routed)           0.000    18.377    mips_top/mips/dp/pc_plus_br/y_carry__2_n_0
    SLICE_X5Y35          CARRY4 (Prop_carry4_CI_CO[3])
                                                      0.114    18.491 r  mips_top/mips/dp/pc_plus_br/y_carry__3/CO[3]
                         net (fo=1, routed)           0.000    18.491    mips_top/mips/dp/pc_plus_br/y_carry__3_n_0
    SLICE_X5Y36          CARRY4 (Prop_carry4_CI_O[1])
                                                      0.334    18.825 r  mips_top/mips/dp/pc_plus_br/y_carry__4/O[1]
                         net (fo=1, routed)           0.996    19.821    mips_top/mips/dp/pc_reg/y[20]
    SLICE_X2Y36          LUT6 (Prop_lut6_I0_O)        0.303    20.124 r  mips_top/mips/dp/pc_reg/q[22]_i_1/O
                         net (fo=1, routed)           0.000    20.124    mips_top/mips/dp/pc_reg/q[22]_i_1_n_0
    SLICE_X2Y36          FDCE                                         r  mips_top/mips/dp/pc_reg/q_reg[22]/D
  -------------------------------------------------------------------    -------------------

Slack:                    inf
  Source:                 mips_top/mips/dp/pc_reg/q_reg[2]/C
                            (rising edge-triggered cell FDCE)
  Destination:            mips_top/mips/dp/pc_reg/q_reg[28]/D
  Path Group:             (none)
  Path Type:              Max at Slow Process Corner
  Data Path Delay:        20.054ns  (logic 4.819ns (24.030%)  route 15.235ns (75.970%))
  Logic Levels:           23  (CARRY4=13 FDCE=1 LUT3=2 LUT4=1 LUT5=2 LUT6=3 RAMD32=1)

    Location             Delay type                Incr(ns)  Path(ns)    Netlist Resource(s)
  -------------------------------------------------------------------    -------------------
    SLICE_X6Y29          FDCE                         0.000     0.000 r  mips_top/mips/dp/pc_reg/q_reg[2]/C
    SLICE_X6Y29          FDCE (Prop_fdce_C_Q)         0.518     0.518 r  mips_top/mips/dp/pc_reg/q_reg[2]/Q
                         net (fo=114, routed)         5.032     5.550    mips_top/mips/dp/pc_reg/Q[0]
    SLICE_X7Y39          LUT5 (Prop_lut5_I3_O)        0.124     5.674 r  mips_top/mips/dp/pc_reg/rf_reg_r2_0_31_0_5_i_3/O
                         net (fo=33, routed)          2.094     7.768    mips_top/mips/dp/rf/rf_reg_r2_0_31_0_5/ADDRA0
    SLICE_X8Y31          RAMD32 (Prop_ramd32_RADR0_O)
                                                      0.150     7.918 r  mips_top/mips/dp/rf/rf_reg_r2_0_31_0_5/RAMA/O
                         net (fo=3, routed)           0.994     8.912    mips_top/mips/dp/pc_reg/rd20[0]
    SLICE_X9Y30          LUT6 (Prop_lut6_I5_O)        0.328     9.240 r  mips_top/mips/dp/pc_reg/i__carry_i_13/O
                         net (fo=5, routed)           1.297    10.537    mips_top/mips/dp/pc_reg/q_reg[3]_0[0]
    SLICE_X12Y32         LUT3 (Prop_lut3_I0_O)        0.124    10.661 r  mips_top/mips/dp/pc_reg/i__carry_i_8/O
                         net (fo=1, routed)           0.000    10.661    mips_top/mips/dp/alu/S[0]
    SLICE_X12Y32         CARRY4 (Prop_carry4_S[0]_CO[3])
                                                      0.513    11.174 r  mips_top/mips/dp/alu/y0_inferred__2/i__carry/CO[3]
                         net (fo=1, routed)           0.000    11.174    mips_top/mips/dp/alu/y0_inferred__2/i__carry_n_0
    SLICE_X12Y33         CARRY4 (Prop_carry4_CI_CO[3])
                                                      0.117    11.291 r  mips_top/mips/dp/alu/y0_inferred__2/i__carry__0/CO[3]
                         net (fo=1, routed)           0.000    11.291    mips_top/mips/dp/alu/y0_inferred__2/i__carry__0_n_0
    SLICE_X12Y34         CARRY4 (Prop_carry4_CI_CO[3])
                                                      0.117    11.408 r  mips_top/mips/dp/alu/y0_inferred__2/i__carry__1/CO[3]
                         net (fo=1, routed)           0.000    11.408    mips_top/mips/dp/alu/y0_inferred__2/i__carry__1_n_0
    SLICE_X12Y35         CARRY4 (Prop_carry4_CI_CO[3])
                                                      0.117    11.525 r  mips_top/mips/dp/alu/y0_inferred__2/i__carry__2/CO[3]
                         net (fo=1, routed)           0.000    11.525    mips_top/mips/dp/alu/y0_inferred__2/i__carry__2_n_0
    SLICE_X12Y36         CARRY4 (Prop_carry4_CI_CO[3])
                                                      0.117    11.642 r  mips_top/mips/dp/alu/y0_inferred__2/i__carry__3/CO[3]
                         net (fo=1, routed)           0.000    11.642    mips_top/mips/dp/alu/y0_inferred__2/i__carry__3_n_0
    SLICE_X12Y37         CARRY4 (Prop_carry4_CI_CO[3])
                                                      0.117    11.759 r  mips_top/mips/dp/alu/y0_inferred__2/i__carry__4/CO[3]
                         net (fo=1, routed)           0.000    11.759    mips_top/mips/dp/alu/y0_inferred__2/i__carry__4_n_0
    SLICE_X12Y38         CARRY4 (Prop_carry4_CI_O[1])
                                                      0.323    12.082 f  mips_top/mips/dp/alu/y0_inferred__2/i__carry__5/O[1]
                         net (fo=1, routed)           0.821    12.903    mips_top/mips/dp/pc_reg/y_carry_i_7_0[24]
    SLICE_X12Y40         LUT6 (Prop_lut6_I3_O)        0.306    13.209 f  mips_top/mips/dp/pc_reg/rf_reg_r1_0_31_24_29_i_7/O
                         net (fo=3, routed)           1.153    14.362    mips_top/mips/dp/pc_reg/rf_reg_r1_0_31_24_29_i_7_n_0
    SLICE_X9Y40          LUT4 (Prop_lut4_I2_O)        0.124    14.486 r  mips_top/mips/dp/pc_reg/y_carry_i_13/O
                         net (fo=1, routed)           0.730    15.216    mips_top/mips/dp/pc_reg/y_carry_i_13_n_0
    SLICE_X7Y40          LUT5 (Prop_lut5_I4_O)        0.124    15.340 r  mips_top/mips/dp/pc_reg/y_carry_i_7/O
                         net (fo=30, routed)          2.284    17.624    mips_top/mips/dp/pc_reg/y_carry_i_7_n_0
    SLICE_X5Y32          LUT6 (Prop_lut6_I4_O)        0.124    17.748 r  mips_top/mips/dp/pc_reg/y_carry__0_i_1/O
                         net (fo=1, routed)           0.000    17.748    mips_top/mips/dp/pc_plus_br/q_reg[8][3]
    SLICE_X5Y32          CARRY4 (Prop_carry4_S[3]_CO[3])
                                                      0.401    18.149 r  mips_top/mips/dp/pc_plus_br/y_carry__0/CO[3]
                         net (fo=1, routed)           0.000    18.149    mips_top/mips/dp/pc_plus_br/y_carry__0_n_0
    SLICE_X5Y33          CARRY4 (Prop_carry4_CI_CO[3])
                                                      0.114    18.263 r  mips_top/mips/dp/pc_plus_br/y_carry__1/CO[3]
                         net (fo=1, routed)           0.000    18.263    mips_top/mips/dp/pc_plus_br/y_carry__1_n_0
    SLICE_X5Y34          CARRY4 (Prop_carry4_CI_CO[3])
                                                      0.114    18.377 r  mips_top/mips/dp/pc_plus_br/y_carry__2/CO[3]
                         net (fo=1, routed)           0.000    18.377    mips_top/mips/dp/pc_plus_br/y_carry__2_n_0
    SLICE_X5Y35          CARRY4 (Prop_carry4_CI_CO[3])
                                                      0.114    18.491 r  mips_top/mips/dp/pc_plus_br/y_carry__3/CO[3]
                         net (fo=1, routed)           0.000    18.491    mips_top/mips/dp/pc_plus_br/y_carry__3_n_0
    SLICE_X5Y36          CARRY4 (Prop_carry4_CI_CO[3])
                                                      0.114    18.605 r  mips_top/mips/dp/pc_plus_br/y_carry__4/CO[3]
                         net (fo=1, routed)           0.000    18.605    mips_top/mips/dp/pc_plus_br/y_carry__4_n_0
    SLICE_X5Y37          CARRY4 (Prop_carry4_CI_O[3])
                                                      0.313    18.918 r  mips_top/mips/dp/pc_plus_br/y_carry__5/O[3]
                         net (fo=1, routed)           0.830    19.748    mips_top/mips/dp/pc_plus_4/O[0]
    SLICE_X4Y39          LUT3 (Prop_lut3_I2_O)        0.306    20.054 r  mips_top/mips/dp/pc_plus_4/q[28]_i_1/O
                         net (fo=1, routed)           0.000    20.054    mips_top/mips/dp/pc_reg/q_reg[28]_1[0]
    SLICE_X4Y39          FDCE                                         r  mips_top/mips/dp/pc_reg/q_reg[28]/D
  -------------------------------------------------------------------    -------------------

Slack:                    inf
  Source:                 mips_top/mips/dp/pc_reg/q_reg[2]/C
                            (rising edge-triggered cell FDCE)
  Destination:            mips_top/mips/dp/pc_reg/q_reg[13]/D
  Path Group:             (none)
  Path Type:              Max at Slow Process Corner
  Data Path Delay:        19.909ns  (logic 4.379ns (21.995%)  route 15.530ns (78.005%))
  Logic Levels:           20  (CARRY4=10 FDCE=1 LUT3=1 LUT4=1 LUT5=2 LUT6=4 RAMD32=1)

    Location             Delay type                Incr(ns)  Path(ns)    Netlist Resource(s)
  -------------------------------------------------------------------    -------------------
    SLICE_X6Y29          FDCE                         0.000     0.000 r  mips_top/mips/dp/pc_reg/q_reg[2]/C
    SLICE_X6Y29          FDCE (Prop_fdce_C_Q)         0.518     0.518 r  mips_top/mips/dp/pc_reg/q_reg[2]/Q
                         net (fo=114, routed)         5.032     5.550    mips_top/mips/dp/pc_reg/Q[0]
    SLICE_X7Y39          LUT5 (Prop_lut5_I3_O)        0.124     5.674 r  mips_top/mips/dp/pc_reg/rf_reg_r2_0_31_0_5_i_3/O
                         net (fo=33, routed)          2.094     7.768    mips_top/mips/dp/rf/rf_reg_r2_0_31_0_5/ADDRA0
    SLICE_X8Y31          RAMD32 (Prop_ramd32_RADR0_O)
                                                      0.150     7.918 r  mips_top/mips/dp/rf/rf_reg_r2_0_31_0_5/RAMA/O
                         net (fo=3, routed)           0.994     8.912    mips_top/mips/dp/pc_reg/rd20[0]
    SLICE_X9Y30          LUT6 (Prop_lut6_I5_O)        0.328     9.240 r  mips_top/mips/dp/pc_reg/i__carry_i_13/O
                         net (fo=5, routed)           1.297    10.537    mips_top/mips/dp/pc_reg/q_reg[3]_0[0]
    SLICE_X12Y32         LUT3 (Prop_lut3_I0_O)        0.124    10.661 r  mips_top/mips/dp/pc_reg/i__carry_i_8/O
                         net (fo=1, routed)           0.000    10.661    mips_top/mips/dp/alu/S[0]
    SLICE_X12Y32         CARRY4 (Prop_carry4_S[0]_CO[3])
                                                      0.513    11.174 r  mips_top/mips/dp/alu/y0_inferred__2/i__carry/CO[3]
                         net (fo=1, routed)           0.000    11.174    mips_top/mips/dp/alu/y0_inferred__2/i__carry_n_0
    SLICE_X12Y33         CARRY4 (Prop_carry4_CI_CO[3])
                                                      0.117    11.291 r  mips_top/mips/dp/alu/y0_inferred__2/i__carry__0/CO[3]
                         net (fo=1, routed)           0.000    11.291    mips_top/mips/dp/alu/y0_inferred__2/i__carry__0_n_0
    SLICE_X12Y34         CARRY4 (Prop_carry4_CI_CO[3])
                                                      0.117    11.408 r  mips_top/mips/dp/alu/y0_inferred__2/i__carry__1/CO[3]
                         net (fo=1, routed)           0.000    11.408    mips_top/mips/dp/alu/y0_inferred__2/i__carry__1_n_0
    SLICE_X12Y35         CARRY4 (Prop_carry4_CI_CO[3])
                                                      0.117    11.525 r  mips_top/mips/dp/alu/y0_inferred__2/i__carry__2/CO[3]
                         net (fo=1, routed)           0.000    11.525    mips_top/mips/dp/alu/y0_inferred__2/i__carry__2_n_0
    SLICE_X12Y36         CARRY4 (Prop_carry4_CI_CO[3])
                                                      0.117    11.642 r  mips_top/mips/dp/alu/y0_inferred__2/i__carry__3/CO[3]
                         net (fo=1, routed)           0.000    11.642    mips_top/mips/dp/alu/y0_inferred__2/i__carry__3_n_0
    SLICE_X12Y37         CARRY4 (Prop_carry4_CI_CO[3])
                                                      0.117    11.759 r  mips_top/mips/dp/alu/y0_inferred__2/i__carry__4/CO[3]
                         net (fo=1, routed)           0.000    11.759    mips_top/mips/dp/alu/y0_inferred__2/i__carry__4_n_0
    SLICE_X12Y38         CARRY4 (Prop_carry4_CI_O[1])
                                                      0.323    12.082 f  mips_top/mips/dp/alu/y0_inferred__2/i__carry__5/O[1]
                         net (fo=1, routed)           0.821    12.903    mips_top/mips/dp/pc_reg/y_carry_i_7_0[24]
    SLICE_X12Y40         LUT6 (Prop_lut6_I3_O)        0.306    13.209 f  mips_top/mips/dp/pc_reg/rf_reg_r1_0_31_24_29_i_7/O
                         net (fo=3, routed)           1.153    14.362    mips_top/mips/dp/pc_reg/rf_reg_r1_0_31_24_29_i_7_n_0
    SLICE_X9Y40          LUT4 (Prop_lut4_I2_O)        0.124    14.486 r  mips_top/mips/dp/pc_reg/y_carry_i_13/O
                         net (fo=1, routed)           0.730    15.216    mips_top/mips/dp/pc_reg/y_carry_i_13_n_0
    SLICE_X7Y40          LUT5 (Prop_lut5_I4_O)        0.124    15.340 r  mips_top/mips/dp/pc_reg/y_carry_i_7/O
                         net (fo=30, routed)          2.284    17.624    mips_top/mips/dp/pc_reg/y_carry_i_7_n_0
    SLICE_X5Y32          LUT6 (Prop_lut6_I4_O)        0.124    17.748 r  mips_top/mips/dp/pc_reg/y_carry__0_i_1/O
                         net (fo=1, routed)           0.000    17.748    mips_top/mips/dp/pc_plus_br/q_reg[8][3]
    SLICE_X5Y32          CARRY4 (Prop_carry4_S[3]_CO[3])
                                                      0.401    18.149 r  mips_top/mips/dp/pc_plus_br/y_carry__0/CO[3]
                         net (fo=1, routed)           0.000    18.149    mips_top/mips/dp/pc_plus_br/y_carry__0_n_0
    SLICE_X5Y33          CARRY4 (Prop_carry4_CI_CO[3])
                                                      0.114    18.263 r  mips_top/mips/dp/pc_plus_br/y_carry__1/CO[3]
                         net (fo=1, routed)           0.000    18.263    mips_top/mips/dp/pc_plus_br/y_carry__1_n_0
    SLICE_X5Y34          CARRY4 (Prop_carry4_CI_O[0])
                                                      0.222    18.485 r  mips_top/mips/dp/pc_plus_br/y_carry__2/O[0]
                         net (fo=1, routed)           1.125    19.610    mips_top/mips/dp/pc_reg/y[11]
    SLICE_X7Y34          LUT6 (Prop_lut6_I5_O)        0.299    19.909 r  mips_top/mips/dp/pc_reg/q[13]_i_1/O
                         net (fo=1, routed)           0.000    19.909    mips_top/mips/dp/pc_reg/q[13]_i_1_n_0
    SLICE_X7Y34          FDCE                                         r  mips_top/mips/dp/pc_reg/q_reg[13]/D
  -------------------------------------------------------------------    -------------------

Slack:                    inf
  Source:                 mips_top/mips/dp/pc_reg/q_reg[2]/C
                            (rising edge-triggered cell FDCE)
  Destination:            mips_top/mips/dp/pc_reg/q_reg[29]/D
  Path Group:             (none)
  Path Type:              Max at Slow Process Corner
  Data Path Delay:        19.890ns  (logic 4.835ns (24.309%)  route 15.055ns (75.691%))
  Logic Levels:           24  (CARRY4=14 FDCE=1 LUT3=2 LUT4=1 LUT5=2 LUT6=3 RAMD32=1)

    Location             Delay type                Incr(ns)  Path(ns)    Netlist Resource(s)
  -------------------------------------------------------------------    -------------------
    SLICE_X6Y29          FDCE                         0.000     0.000 r  mips_top/mips/dp/pc_reg/q_reg[2]/C
    SLICE_X6Y29          FDCE (Prop_fdce_C_Q)         0.518     0.518 r  mips_top/mips/dp/pc_reg/q_reg[2]/Q
                         net (fo=114, routed)         5.032     5.550    mips_top/mips/dp/pc_reg/Q[0]
    SLICE_X7Y39          LUT5 (Prop_lut5_I3_O)        0.124     5.674 r  mips_top/mips/dp/pc_reg/rf_reg_r2_0_31_0_5_i_3/O
                         net (fo=33, routed)          2.094     7.768    mips_top/mips/dp/rf/rf_reg_r2_0_31_0_5/ADDRA0
    SLICE_X8Y31          RAMD32 (Prop_ramd32_RADR0_O)
                                                      0.150     7.918 r  mips_top/mips/dp/rf/rf_reg_r2_0_31_0_5/RAMA/O
                         net (fo=3, routed)           0.994     8.912    mips_top/mips/dp/pc_reg/rd20[0]
    SLICE_X9Y30          LUT6 (Prop_lut6_I5_O)        0.328     9.240 r  mips_top/mips/dp/pc_reg/i__carry_i_13/O
                         net (fo=5, routed)           1.297    10.537    mips_top/mips/dp/pc_reg/q_reg[3]_0[0]
    SLICE_X12Y32         LUT3 (Prop_lut3_I0_O)        0.124    10.661 r  mips_top/mips/dp/pc_reg/i__carry_i_8/O
                         net (fo=1, routed)           0.000    10.661    mips_top/mips/dp/alu/S[0]
    SLICE_X12Y32         CARRY4 (Prop_carry4_S[0]_CO[3])
                                                      0.513    11.174 r  mips_top/mips/dp/alu/y0_inferred__2/i__carry/CO[3]
                         net (fo=1, routed)           0.000    11.174    mips_top/mips/dp/alu/y0_inferred__2/i__carry_n_0
    SLICE_X12Y33         CARRY4 (Prop_carry4_CI_CO[3])
                                                      0.117    11.291 r  mips_top/mips/dp/alu/y0_inferred__2/i__carry__0/CO[3]
                         net (fo=1, routed)           0.000    11.291    mips_top/mips/dp/alu/y0_inferred__2/i__carry__0_n_0
    SLICE_X12Y34         CARRY4 (Prop_carry4_CI_CO[3])
                                                      0.117    11.408 r  mips_top/mips/dp/alu/y0_inferred__2/i__carry__1/CO[3]
                         net (fo=1, routed)           0.000    11.408    mips_top/mips/dp/alu/y0_inferred__2/i__carry__1_n_0
    SLICE_X12Y35         CARRY4 (Prop_carry4_CI_CO[3])
                                                      0.117    11.525 r  mips_top/mips/dp/alu/y0_inferred__2/i__carry__2/CO[3]
                         net (fo=1, routed)           0.000    11.525    mips_top/mips/dp/alu/y0_inferred__2/i__carry__2_n_0
    SLICE_X12Y36         CARRY4 (Prop_carry4_CI_CO[3])
                                                      0.117    11.642 r  mips_top/mips/dp/alu/y0_inferred__2/i__carry__3/CO[3]
                         net (fo=1, routed)           0.000    11.642    mips_top/mips/dp/alu/y0_inferred__2/i__carry__3_n_0
    SLICE_X12Y37         CARRY4 (Prop_carry4_CI_CO[3])
                                                      0.117    11.759 r  mips_top/mips/dp/alu/y0_inferred__2/i__carry__4/CO[3]
                         net (fo=1, routed)           0.000    11.759    mips_top/mips/dp/alu/y0_inferred__2/i__carry__4_n_0
    SLICE_X12Y38         CARRY4 (Prop_carry4_CI_O[1])
                                                      0.323    12.082 f  mips_top/mips/dp/alu/y0_inferred__2/i__carry__5/O[1]
                         net (fo=1, routed)           0.821    12.903    mips_top/mips/dp/pc_reg/y_carry_i_7_0[24]
    SLICE_X12Y40         LUT6 (Prop_lut6_I3_O)        0.306    13.209 f  mips_top/mips/dp/pc_reg/rf_reg_r1_0_31_24_29_i_7/O
                         net (fo=3, routed)           1.153    14.362    mips_top/mips/dp/pc_reg/rf_reg_r1_0_31_24_29_i_7_n_0
    SLICE_X9Y40          LUT4 (Prop_lut4_I2_O)        0.124    14.486 r  mips_top/mips/dp/pc_reg/y_carry_i_13/O
                         net (fo=1, routed)           0.730    15.216    mips_top/mips/dp/pc_reg/y_carry_i_13_n_0
    SLICE_X7Y40          LUT5 (Prop_lut5_I4_O)        0.124    15.340 r  mips_top/mips/dp/pc_reg/y_carry_i_7/O
                         net (fo=30, routed)          2.284    17.624    mips_top/mips/dp/pc_reg/y_carry_i_7_n_0
    SLICE_X5Y32          LUT6 (Prop_lut6_I4_O)        0.124    17.748 r  mips_top/mips/dp/pc_reg/y_carry__0_i_1/O
                         net (fo=1, routed)           0.000    17.748    mips_top/mips/dp/pc_plus_br/q_reg[8][3]
    SLICE_X5Y32          CARRY4 (Prop_carry4_S[3]_CO[3])
                                                      0.401    18.149 r  mips_top/mips/dp/pc_plus_br/y_carry__0/CO[3]
                         net (fo=1, routed)           0.000    18.149    mips_top/mips/dp/pc_plus_br/y_carry__0_n_0
    SLICE_X5Y33          CARRY4 (Prop_carry4_CI_CO[3])
                                                      0.114    18.263 r  mips_top/mips/dp/pc_plus_br/y_carry__1/CO[3]
                         net (fo=1, routed)           0.000    18.263    mips_top/mips/dp/pc_plus_br/y_carry__1_n_0
    SLICE_X5Y34          CARRY4 (Prop_carry4_CI_CO[3])
                                                      0.114    18.377 r  mips_top/mips/dp/pc_plus_br/y_carry__2/CO[3]
                         net (fo=1, routed)           0.000    18.377    mips_top/mips/dp/pc_plus_br/y_carry__2_n_0
    SLICE_X5Y35          CARRY4 (Prop_carry4_CI_CO[3])
                                                      0.114    18.491 r  mips_top/mips/dp/pc_plus_br/y_carry__3/CO[3]
                         net (fo=1, routed)           0.000    18.491    mips_top/mips/dp/pc_plus_br/y_carry__3_n_0
    SLICE_X5Y36          CARRY4 (Prop_carry4_CI_CO[3])
                                                      0.114    18.605 r  mips_top/mips/dp/pc_plus_br/y_carry__4/CO[3]
                         net (fo=1, routed)           0.000    18.605    mips_top/mips/dp/pc_plus_br/y_carry__4_n_0
    SLICE_X5Y37          CARRY4 (Prop_carry4_CI_CO[3])
                                                      0.114    18.719 r  mips_top/mips/dp/pc_plus_br/y_carry__5/CO[3]
                         net (fo=1, routed)           0.000    18.719    mips_top/mips/dp/pc_plus_br/y_carry__5_n_0
    SLICE_X5Y38          CARRY4 (Prop_carry4_CI_O[0])
                                                      0.222    18.941 r  mips_top/mips/dp/pc_plus_br/y_carry__6/O[0]
                         net (fo=1, routed)           0.650    19.591    mips_top/mips/dp/pc_reg/y[26]
    SLICE_X4Y39          LUT3 (Prop_lut3_I2_O)        0.299    19.890 r  mips_top/mips/dp/pc_reg/q[29]_i_1/O
                         net (fo=1, routed)           0.000    19.890    mips_top/mips/dp/pc_reg/q[29]_i_1_n_0
    SLICE_X4Y39          FDCE                                         r  mips_top/mips/dp/pc_reg/q_reg[29]/D
  -------------------------------------------------------------------    -------------------

Slack:                    inf
  Source:                 mips_top/mips/dp/pc_reg/q_reg[2]/C
                            (rising edge-triggered cell FDCE)
  Destination:            mips_top/mips/dp/pc_reg/q_reg[26]/D
  Path Group:             (none)
  Path Type:              Max at Slow Process Corner
  Data Path Delay:        19.844ns  (logic 4.837ns (24.375%)  route 15.007ns (75.625%))
  Logic Levels:           23  (CARRY4=13 FDCE=1 LUT3=1 LUT4=1 LUT5=2 LUT6=4 RAMD32=1)

    Location             Delay type                Incr(ns)  Path(ns)    Netlist Resource(s)
  -------------------------------------------------------------------    -------------------
    SLICE_X6Y29          FDCE                         0.000     0.000 r  mips_top/mips/dp/pc_reg/q_reg[2]/C
    SLICE_X6Y29          FDCE (Prop_fdce_C_Q)         0.518     0.518 r  mips_top/mips/dp/pc_reg/q_reg[2]/Q
                         net (fo=114, routed)         5.032     5.550    mips_top/mips/dp/pc_reg/Q[0]
    SLICE_X7Y39          LUT5 (Prop_lut5_I3_O)        0.124     5.674 r  mips_top/mips/dp/pc_reg/rf_reg_r2_0_31_0_5_i_3/O
                         net (fo=33, routed)          2.094     7.768    mips_top/mips/dp/rf/rf_reg_r2_0_31_0_5/ADDRA0
    SLICE_X8Y31          RAMD32 (Prop_ramd32_RADR0_O)
                                                      0.150     7.918 r  mips_top/mips/dp/rf/rf_reg_r2_0_31_0_5/RAMA/O
                         net (fo=3, routed)           0.994     8.912    mips_top/mips/dp/pc_reg/rd20[0]
    SLICE_X9Y30          LUT6 (Prop_lut6_I5_O)        0.328     9.240 r  mips_top/mips/dp/pc_reg/i__carry_i_13/O
                         net (fo=5, routed)           1.297    10.537    mips_top/mips/dp/pc_reg/q_reg[3]_0[0]
    SLICE_X12Y32         LUT3 (Prop_lut3_I0_O)        0.124    10.661 r  mips_top/mips/dp/pc_reg/i__carry_i_8/O
                         net (fo=1, routed)           0.000    10.661    mips_top/mips/dp/alu/S[0]
    SLICE_X12Y32         CARRY4 (Prop_carry4_S[0]_CO[3])
                                                      0.513    11.174 r  mips_top/mips/dp/alu/y0_inferred__2/i__carry/CO[3]
                         net (fo=1, routed)           0.000    11.174    mips_top/mips/dp/alu/y0_inferred__2/i__carry_n_0
    SLICE_X12Y33         CARRY4 (Prop_carry4_CI_CO[3])
                                                      0.117    11.291 r  mips_top/mips/dp/alu/y0_inferred__2/i__carry__0/CO[3]
                         net (fo=1, routed)           0.000    11.291    mips_top/mips/dp/alu/y0_inferred__2/i__carry__0_n_0
    SLICE_X12Y34         CARRY4 (Prop_carry4_CI_CO[3])
                                                      0.117    11.408 r  mips_top/mips/dp/alu/y0_inferred__2/i__carry__1/CO[3]
                         net (fo=1, routed)           0.000    11.408    mips_top/mips/dp/alu/y0_inferred__2/i__carry__1_n_0
    SLICE_X12Y35         CARRY4 (Prop_carry4_CI_CO[3])
                                                      0.117    11.525 r  mips_top/mips/dp/alu/y0_inferred__2/i__carry__2/CO[3]
                         net (fo=1, routed)           0.000    11.525    mips_top/mips/dp/alu/y0_inferred__2/i__carry__2_n_0
    SLICE_X12Y36         CARRY4 (Prop_carry4_CI_CO[3])
                                                      0.117    11.642 r  mips_top/mips/dp/alu/y0_inferred__2/i__carry__3/CO[3]
                         net (fo=1, routed)           0.000    11.642    mips_top/mips/dp/alu/y0_inferred__2/i__carry__3_n_0
    SLICE_X12Y37         CARRY4 (Prop_carry4_CI_CO[3])
                                                      0.117    11.759 r  mips_top/mips/dp/alu/y0_inferred__2/i__carry__4/CO[3]
                         net (fo=1, routed)           0.000    11.759    mips_top/mips/dp/alu/y0_inferred__2/i__carry__4_n_0
    SLICE_X12Y38         CARRY4 (Prop_carry4_CI_O[1])
                                                      0.323    12.082 f  mips_top/mips/dp/alu/y0_inferred__2/i__carry__5/O[1]
                         net (fo=1, routed)           0.821    12.903    mips_top/mips/dp/pc_reg/y_carry_i_7_0[24]
    SLICE_X12Y40         LUT6 (Prop_lut6_I3_O)        0.306    13.209 f  mips_top/mips/dp/pc_reg/rf_reg_r1_0_31_24_29_i_7/O
                         net (fo=3, routed)           1.153    14.362    mips_top/mips/dp/pc_reg/rf_reg_r1_0_31_24_29_i_7_n_0
    SLICE_X9Y40          LUT4 (Prop_lut4_I2_O)        0.124    14.486 r  mips_top/mips/dp/pc_reg/y_carry_i_13/O
                         net (fo=1, routed)           0.730    15.216    mips_top/mips/dp/pc_reg/y_carry_i_13_n_0
    SLICE_X7Y40          LUT5 (Prop_lut5_I4_O)        0.124    15.340 r  mips_top/mips/dp/pc_reg/y_carry_i_7/O
                         net (fo=30, routed)          2.284    17.624    mips_top/mips/dp/pc_reg/y_carry_i_7_n_0
    SLICE_X5Y32          LUT6 (Prop_lut6_I4_O)        0.124    17.748 r  mips_top/mips/dp/pc_reg/y_carry__0_i_1/O
                         net (fo=1, routed)           0.000    17.748    mips_top/mips/dp/pc_plus_br/q_reg[8][3]
    SLICE_X5Y32          CARRY4 (Prop_carry4_S[3]_CO[3])
                                                      0.401    18.149 r  mips_top/mips/dp/pc_plus_br/y_carry__0/CO[3]
                         net (fo=1, routed)           0.000    18.149    mips_top/mips/dp/pc_plus_br/y_carry__0_n_0
    SLICE_X5Y33          CARRY4 (Prop_carry4_CI_CO[3])
                                                      0.114    18.263 r  mips_top/mips/dp/pc_plus_br/y_carry__1/CO[3]
                         net (fo=1, routed)           0.000    18.263    mips_top/mips/dp/pc_plus_br/y_carry__1_n_0
    SLICE_X5Y34          CARRY4 (Prop_carry4_CI_CO[3])
                                                      0.114    18.377 r  mips_top/mips/dp/pc_plus_br/y_carry__2/CO[3]
                         net (fo=1, routed)           0.000    18.377    mips_top/mips/dp/pc_plus_br/y_carry__2_n_0
    SLICE_X5Y35          CARRY4 (Prop_carry4_CI_CO[3])
                                                      0.114    18.491 r  mips_top/mips/dp/pc_plus_br/y_carry__3/CO[3]
                         net (fo=1, routed)           0.000    18.491    mips_top/mips/dp/pc_plus_br/y_carry__3_n_0
    SLICE_X5Y36          CARRY4 (Prop_carry4_CI_CO[3])
                                                      0.114    18.605 r  mips_top/mips/dp/pc_plus_br/y_carry__4/CO[3]
                         net (fo=1, routed)           0.000    18.605    mips_top/mips/dp/pc_plus_br/y_carry__4_n_0
    SLICE_X5Y37          CARRY4 (Prop_carry4_CI_O[1])
                                                      0.334    18.939 r  mips_top/mips/dp/pc_plus_br/y_carry__5/O[1]
                         net (fo=1, routed)           0.602    19.541    mips_top/mips/dp/pc_reg/y[24]
    SLICE_X2Y37          LUT6 (Prop_lut6_I0_O)        0.303    19.844 r  mips_top/mips/dp/pc_reg/q[26]_i_1/O
                         net (fo=1, routed)           0.000    19.844    mips_top/mips/dp/pc_reg/q[26]_i_1_n_0
    SLICE_X2Y37          FDCE                                         r  mips_top/mips/dp/pc_reg/q_reg[26]/D
  -------------------------------------------------------------------    -------------------

Slack:                    inf
  Source:                 mips_top/mips/dp/pc_reg/q_reg[2]/C
                            (rising edge-triggered cell FDCE)
  Destination:            mips_top/mips/dp/pc_reg/q_reg[20]/D
  Path Group:             (none)
  Path Type:              Max at Slow Process Corner
  Data Path Delay:        19.824ns  (logic 4.591ns (23.159%)  route 15.233ns (76.841%))
  Logic Levels:           21  (CARRY4=11 FDCE=1 LUT3=1 LUT4=1 LUT5=2 LUT6=4 RAMD32=1)

    Location             Delay type                Incr(ns)  Path(ns)    Netlist Resource(s)
  -------------------------------------------------------------------    -------------------
    SLICE_X6Y29          FDCE                         0.000     0.000 r  mips_top/mips/dp/pc_reg/q_reg[2]/C
    SLICE_X6Y29          FDCE (Prop_fdce_C_Q)         0.518     0.518 r  mips_top/mips/dp/pc_reg/q_reg[2]/Q
                         net (fo=114, routed)         5.032     5.550    mips_top/mips/dp/pc_reg/Q[0]
    SLICE_X7Y39          LUT5 (Prop_lut5_I3_O)        0.124     5.674 r  mips_top/mips/dp/pc_reg/rf_reg_r2_0_31_0_5_i_3/O
                         net (fo=33, routed)          2.094     7.768    mips_top/mips/dp/rf/rf_reg_r2_0_31_0_5/ADDRA0
    SLICE_X8Y31          RAMD32 (Prop_ramd32_RADR0_O)
                                                      0.150     7.918 r  mips_top/mips/dp/rf/rf_reg_r2_0_31_0_5/RAMA/O
                         net (fo=3, routed)           0.994     8.912    mips_top/mips/dp/pc_reg/rd20[0]
    SLICE_X9Y30          LUT6 (Prop_lut6_I5_O)        0.328     9.240 r  mips_top/mips/dp/pc_reg/i__carry_i_13/O
                         net (fo=5, routed)           1.297    10.537    mips_top/mips/dp/pc_reg/q_reg[3]_0[0]
    SLICE_X12Y32         LUT3 (Prop_lut3_I0_O)        0.124    10.661 r  mips_top/mips/dp/pc_reg/i__carry_i_8/O
                         net (fo=1, routed)           0.000    10.661    mips_top/mips/dp/alu/S[0]
    SLICE_X12Y32         CARRY4 (Prop_carry4_S[0]_CO[3])
                                                      0.513    11.174 r  mips_top/mips/dp/alu/y0_inferred__2/i__carry/CO[3]
                         net (fo=1, routed)           0.000    11.174    mips_top/mips/dp/alu/y0_inferred__2/i__carry_n_0
    SLICE_X12Y33         CARRY4 (Prop_carry4_CI_CO[3])
                                                      0.117    11.291 r  mips_top/mips/dp/alu/y0_inferred__2/i__carry__0/CO[3]
                         net (fo=1, routed)           0.000    11.291    mips_top/mips/dp/alu/y0_inferred__2/i__carry__0_n_0
    SLICE_X12Y34         CARRY4 (Prop_carry4_CI_CO[3])
                                                      0.117    11.408 r  mips_top/mips/dp/alu/y0_inferred__2/i__carry__1/CO[3]
                         net (fo=1, routed)           0.000    11.408    mips_top/mips/dp/alu/y0_inferred__2/i__carry__1_n_0
    SLICE_X12Y35         CARRY4 (Prop_carry4_CI_CO[3])
                                                      0.117    11.525 r  mips_top/mips/dp/alu/y0_inferred__2/i__carry__2/CO[3]
                         net (fo=1, routed)           0.000    11.525    mips_top/mips/dp/alu/y0_inferred__2/i__carry__2_n_0
    SLICE_X12Y36         CARRY4 (Prop_carry4_CI_CO[3])
                                                      0.117    11.642 r  mips_top/mips/dp/alu/y0_inferred__2/i__carry__3/CO[3]
                         net (fo=1, routed)           0.000    11.642    mips_top/mips/dp/alu/y0_inferred__2/i__carry__3_n_0
    SLICE_X12Y37         CARRY4 (Prop_carry4_CI_CO[3])
                                                      0.117    11.759 r  mips_top/mips/dp/alu/y0_inferred__2/i__carry__4/CO[3]
                         net (fo=1, routed)           0.000    11.759    mips_top/mips/dp/alu/y0_inferred__2/i__carry__4_n_0
    SLICE_X12Y38         CARRY4 (Prop_carry4_CI_O[1])
                                                      0.323    12.082 f  mips_top/mips/dp/alu/y0_inferred__2/i__carry__5/O[1]
                         net (fo=1, routed)           0.821    12.903    mips_top/mips/dp/pc_reg/y_carry_i_7_0[24]
    SLICE_X12Y40         LUT6 (Prop_lut6_I3_O)        0.306    13.209 f  mips_top/mips/dp/pc_reg/rf_reg_r1_0_31_24_29_i_7/O
                         net (fo=3, routed)           1.153    14.362    mips_top/mips/dp/pc_reg/rf_reg_r1_0_31_24_29_i_7_n_0
    SLICE_X9Y40          LUT4 (Prop_lut4_I2_O)        0.124    14.486 r  mips_top/mips/dp/pc_reg/y_carry_i_13/O
                         net (fo=1, routed)           0.730    15.216    mips_top/mips/dp/pc_reg/y_carry_i_13_n_0
    SLICE_X7Y40          LUT5 (Prop_lut5_I4_O)        0.124    15.340 r  mips_top/mips/dp/pc_reg/y_carry_i_7/O
                         net (fo=30, routed)          2.284    17.624    mips_top/mips/dp/pc_reg/y_carry_i_7_n_0
    SLICE_X5Y32          LUT6 (Prop_lut6_I4_O)        0.124    17.748 r  mips_top/mips/dp/pc_reg/y_carry__0_i_1/O
                         net (fo=1, routed)           0.000    17.748    mips_top/mips/dp/pc_plus_br/q_reg[8][3]
    SLICE_X5Y32          CARRY4 (Prop_carry4_S[3]_CO[3])
                                                      0.401    18.149 r  mips_top/mips/dp/pc_plus_br/y_carry__0/CO[3]
                         net (fo=1, routed)           0.000    18.149    mips_top/mips/dp/pc_plus_br/y_carry__0_n_0
    SLICE_X5Y33          CARRY4 (Prop_carry4_CI_CO[3])
                                                      0.114    18.263 r  mips_top/mips/dp/pc_plus_br/y_carry__1/CO[3]
                         net (fo=1, routed)           0.000    18.263    mips_top/mips/dp/pc_plus_br/y_carry__1_n_0
    SLICE_X5Y34          CARRY4 (Prop_carry4_CI_CO[3])
                                                      0.114    18.377 r  mips_top/mips/dp/pc_plus_br/y_carry__2/CO[3]
                         net (fo=1, routed)           0.000    18.377    mips_top/mips/dp/pc_plus_br/y_carry__2_n_0
    SLICE_X5Y35          CARRY4 (Prop_carry4_CI_O[3])
                                                      0.313    18.690 r  mips_top/mips/dp/pc_plus_br/y_carry__3/O[3]
                         net (fo=1, routed)           0.828    19.518    mips_top/mips/dp/pc_reg/y[18]
    SLICE_X2Y36          LUT6 (Prop_lut6_I5_O)        0.306    19.824 r  mips_top/mips/dp/pc_reg/q[20]_i_1/O
                         net (fo=1, routed)           0.000    19.824    mips_top/mips/dp/pc_reg/q[20]_i_1_n_0
    SLICE_X2Y36          FDCE                                         r  mips_top/mips/dp/pc_reg/q_reg[20]/D
  -------------------------------------------------------------------    -------------------

Slack:                    inf
  Source:                 mips_top/mips/dp/pc_reg/q_reg[2]/C
                            (rising edge-triggered cell FDCE)
  Destination:            mips_top/mips/dp/pc_reg/q_reg[15]/D
  Path Group:             (none)
  Path Type:              Max at Slow Process Corner
  Data Path Delay:        19.750ns  (logic 4.399ns (22.274%)  route 15.351ns (77.726%))
  Logic Levels:           20  (CARRY4=10 FDCE=1 LUT3=1 LUT4=1 LUT5=2 LUT6=4 RAMD32=1)

    Location             Delay type                Incr(ns)  Path(ns)    Netlist Resource(s)
  -------------------------------------------------------------------    -------------------
    SLICE_X6Y29          FDCE                         0.000     0.000 r  mips_top/mips/dp/pc_reg/q_reg[2]/C
    SLICE_X6Y29          FDCE (Prop_fdce_C_Q)         0.518     0.518 r  mips_top/mips/dp/pc_reg/q_reg[2]/Q
                         net (fo=114, routed)         5.032     5.550    mips_top/mips/dp/pc_reg/Q[0]
    SLICE_X7Y39          LUT5 (Prop_lut5_I3_O)        0.124     5.674 r  mips_top/mips/dp/pc_reg/rf_reg_r2_0_31_0_5_i_3/O
                         net (fo=33, routed)          2.094     7.768    mips_top/mips/dp/rf/rf_reg_r2_0_31_0_5/ADDRA0
    SLICE_X8Y31          RAMD32 (Prop_ramd32_RADR0_O)
                                                      0.150     7.918 r  mips_top/mips/dp/rf/rf_reg_r2_0_31_0_5/RAMA/O
                         net (fo=3, routed)           0.994     8.912    mips_top/mips/dp/pc_reg/rd20[0]
    SLICE_X9Y30          LUT6 (Prop_lut6_I5_O)        0.328     9.240 r  mips_top/mips/dp/pc_reg/i__carry_i_13/O
                         net (fo=5, routed)           1.297    10.537    mips_top/mips/dp/pc_reg/q_reg[3]_0[0]
    SLICE_X12Y32         LUT3 (Prop_lut3_I0_O)        0.124    10.661 r  mips_top/mips/dp/pc_reg/i__carry_i_8/O
                         net (fo=1, routed)           0.000    10.661    mips_top/mips/dp/alu/S[0]
    SLICE_X12Y32         CARRY4 (Prop_carry4_S[0]_CO[3])
                                                      0.513    11.174 r  mips_top/mips/dp/alu/y0_inferred__2/i__carry/CO[3]
                         net (fo=1, routed)           0.000    11.174    mips_top/mips/dp/alu/y0_inferred__2/i__carry_n_0
    SLICE_X12Y33         CARRY4 (Prop_carry4_CI_CO[3])
                                                      0.117    11.291 r  mips_top/mips/dp/alu/y0_inferred__2/i__carry__0/CO[3]
                         net (fo=1, routed)           0.000    11.291    mips_top/mips/dp/alu/y0_inferred__2/i__carry__0_n_0
    SLICE_X12Y34         CARRY4 (Prop_carry4_CI_CO[3])
                                                      0.117    11.408 r  mips_top/mips/dp/alu/y0_inferred__2/i__carry__1/CO[3]
                         net (fo=1, routed)           0.000    11.408    mips_top/mips/dp/alu/y0_inferred__2/i__carry__1_n_0
    SLICE_X12Y35         CARRY4 (Prop_carry4_CI_CO[3])
                                                      0.117    11.525 r  mips_top/mips/dp/alu/y0_inferred__2/i__carry__2/CO[3]
                         net (fo=1, routed)           0.000    11.525    mips_top/mips/dp/alu/y0_inferred__2/i__carry__2_n_0
    SLICE_X12Y36         CARRY4 (Prop_carry4_CI_CO[3])
                                                      0.117    11.642 r  mips_top/mips/dp/alu/y0_inferred__2/i__carry__3/CO[3]
                         net (fo=1, routed)           0.000    11.642    mips_top/mips/dp/alu/y0_inferred__2/i__carry__3_n_0
    SLICE_X12Y37         CARRY4 (Prop_carry4_CI_CO[3])
                                                      0.117    11.759 r  mips_top/mips/dp/alu/y0_inferred__2/i__carry__4/CO[3]
                         net (fo=1, routed)           0.000    11.759    mips_top/mips/dp/alu/y0_inferred__2/i__carry__4_n_0
    SLICE_X12Y38         CARRY4 (Prop_carry4_CI_O[1])
                                                      0.323    12.082 f  mips_top/mips/dp/alu/y0_inferred__2/i__carry__5/O[1]
                         net (fo=1, routed)           0.821    12.903    mips_top/mips/dp/pc_reg/y_carry_i_7_0[24]
    SLICE_X12Y40         LUT6 (Prop_lut6_I3_O)        0.306    13.209 f  mips_top/mips/dp/pc_reg/rf_reg_r1_0_31_24_29_i_7/O
                         net (fo=3, routed)           1.153    14.362    mips_top/mips/dp/pc_reg/rf_reg_r1_0_31_24_29_i_7_n_0
    SLICE_X9Y40          LUT4 (Prop_lut4_I2_O)        0.124    14.486 r  mips_top/mips/dp/pc_reg/y_carry_i_13/O
                         net (fo=1, routed)           0.730    15.216    mips_top/mips/dp/pc_reg/y_carry_i_13_n_0
    SLICE_X7Y40          LUT5 (Prop_lut5_I4_O)        0.124    15.340 r  mips_top/mips/dp/pc_reg/y_carry_i_7/O
                         net (fo=30, routed)          2.284    17.624    mips_top/mips/dp/pc_reg/y_carry_i_7_n_0
    SLICE_X5Y32          LUT6 (Prop_lut6_I4_O)        0.124    17.748 r  mips_top/mips/dp/pc_reg/y_carry__0_i_1/O
                         net (fo=1, routed)           0.000    17.748    mips_top/mips/dp/pc_plus_br/q_reg[8][3]
    SLICE_X5Y32          CARRY4 (Prop_carry4_S[3]_CO[3])
                                                      0.401    18.149 r  mips_top/mips/dp/pc_plus_br/y_carry__0/CO[3]
                         net (fo=1, routed)           0.000    18.149    mips_top/mips/dp/pc_plus_br/y_carry__0_n_0
    SLICE_X5Y33          CARRY4 (Prop_carry4_CI_CO[3])
                                                      0.114    18.263 r  mips_top/mips/dp/pc_plus_br/y_carry__1/CO[3]
                         net (fo=1, routed)           0.000    18.263    mips_top/mips/dp/pc_plus_br/y_carry__1_n_0
    SLICE_X5Y34          CARRY4 (Prop_carry4_CI_O[2])
                                                      0.239    18.502 r  mips_top/mips/dp/pc_plus_br/y_carry__2/O[2]
                         net (fo=1, routed)           0.945    19.448    mips_top/mips/dp/pc_reg/y[13]
    SLICE_X7Y34          LUT6 (Prop_lut6_I5_O)        0.302    19.750 r  mips_top/mips/dp/pc_reg/q[15]_i_1/O
                         net (fo=1, routed)           0.000    19.750    mips_top/mips/dp/pc_reg/q[15]_i_1_n_0
    SLICE_X7Y34          FDCE                                         r  mips_top/mips/dp/pc_reg/q_reg[15]/D
  -------------------------------------------------------------------    -------------------





Min Delay Paths
--------------------------------------------------------------------------------------
Slack:                    inf
  Source:                 bd/history_reg[3]/C
                            (rising edge-triggered cell FDRE)
  Destination:            bd/history_reg[2]/D
  Path Group:             (none)
  Path Type:              Min at Fast Process Corner
  Data Path Delay:        0.202ns  (logic 0.128ns (63.507%)  route 0.074ns (36.493%))
  Logic Levels:           1  (FDRE=1)

    Location             Delay type                Incr(ns)  Path(ns)    Netlist Resource(s)
  -------------------------------------------------------------------    -------------------
    SLICE_X0Y43          FDRE                         0.000     0.000 r  bd/history_reg[3]/C
    SLICE_X0Y43          FDRE (Prop_fdre_C_Q)         0.128     0.128 r  bd/history_reg[3]/Q
                         net (fo=2, routed)           0.074     0.202    bd/history[3]
    SLICE_X1Y43          FDRE                                         r  bd/history_reg[2]/D
  -------------------------------------------------------------------    -------------------

Slack:                    inf
  Source:                 bd/history_reg[0]/C
                            (rising edge-triggered cell FDRE)
  Destination:            bd/debounced_button_reg/D
  Path Group:             (none)
  Path Type:              Min at Fast Process Corner
  Data Path Delay:        0.283ns  (logic 0.186ns (65.755%)  route 0.097ns (34.245%))
  Logic Levels:           2  (FDRE=1 LUT6=1)

    Location             Delay type                Incr(ns)  Path(ns)    Netlist Resource(s)
  -------------------------------------------------------------------    -------------------
    SLICE_X1Y43          FDRE                         0.000     0.000 r  bd/history_reg[0]/C
    SLICE_X1Y43          FDRE (Prop_fdre_C_Q)         0.141     0.141 r  bd/history_reg[0]/Q
                         net (fo=1, routed)           0.097     0.238    bd/history[0]
    SLICE_X0Y43          LUT6 (Prop_lut6_I2_O)        0.045     0.283 r  bd/debounced_button_i_1/O
                         net (fo=1, routed)           0.000     0.283    bd/debounced_button_i_1_n_0
    SLICE_X0Y43          FDRE                                         r  bd/debounced_button_reg/D
  -------------------------------------------------------------------    -------------------

Slack:                    inf
  Source:                 bd/history_reg[6]/C
                            (rising edge-triggered cell FDRE)
  Destination:            bd/history_reg[5]/D
  Path Group:             (none)
  Path Type:              Min at Fast Process Corner
  Data Path Delay:        0.316ns  (logic 0.141ns (44.632%)  route 0.175ns (55.368%))
  Logic Levels:           1  (FDRE=1)

    Location             Delay type                Incr(ns)  Path(ns)    Netlist Resource(s)
  -------------------------------------------------------------------    -------------------
    SLICE_X1Y42          FDRE                         0.000     0.000 r  bd/history_reg[6]/C
    SLICE_X1Y42          FDRE (Prop_fdre_C_Q)         0.141     0.141 r  bd/history_reg[6]/Q
                         net (fo=2, routed)           0.175     0.316    bd/history[6]
    SLICE_X0Y43          FDRE                                         r  bd/history_reg[5]/D
  -------------------------------------------------------------------    -------------------

Slack:                    inf
  Source:                 bd/history_reg[5]/C
                            (rising edge-triggered cell FDRE)
  Destination:            bd/history_reg[4]/D
  Path Group:             (none)
  Path Type:              Min at Fast Process Corner
  Data Path Delay:        0.320ns  (logic 0.141ns (44.023%)  route 0.179ns (55.977%))
  Logic Levels:           1  (FDRE=1)

    Location             Delay type                Incr(ns)  Path(ns)    Netlist Resource(s)
  -------------------------------------------------------------------    -------------------
    SLICE_X0Y43          FDRE                         0.000     0.000 r  bd/history_reg[5]/C
    SLICE_X0Y43          FDRE (Prop_fdre_C_Q)         0.141     0.141 r  bd/history_reg[5]/Q
                         net (fo=2, routed)           0.179     0.320    bd/history[5]
    SLICE_X0Y43          FDRE                                         r  bd/history_reg[4]/D
  -------------------------------------------------------------------    -------------------

Slack:                    inf
  Source:                 bd/history_reg[10]/C
                            (rising edge-triggered cell FDRE)
  Destination:            bd/history_reg[9]/D
  Path Group:             (none)
  Path Type:              Min at Fast Process Corner
  Data Path Delay:        0.324ns  (logic 0.141ns (43.490%)  route 0.183ns (56.510%))
  Logic Levels:           1  (FDRE=1)

    Location             Delay type                Incr(ns)  Path(ns)    Netlist Resource(s)
  -------------------------------------------------------------------    -------------------
    SLICE_X5Y43          FDRE                         0.000     0.000 r  bd/history_reg[10]/C
    SLICE_X5Y43          FDRE (Prop_fdre_C_Q)         0.141     0.141 r  bd/history_reg[10]/Q
                         net (fo=2, routed)           0.183     0.324    bd/history[10]
    SLICE_X0Y42          FDRE                                         r  bd/history_reg[9]/D
  -------------------------------------------------------------------    -------------------

Slack:                    inf
  Source:                 bd/history_reg[12]/C
                            (rising edge-triggered cell FDRE)
  Destination:            bd/history_reg[11]/D
  Path Group:             (none)
  Path Type:              Min at Fast Process Corner
  Data Path Delay:        0.326ns  (logic 0.141ns (43.258%)  route 0.185ns (56.742%))
  Logic Levels:           1  (FDRE=1)

    Location             Delay type                Incr(ns)  Path(ns)    Netlist Resource(s)
  -------------------------------------------------------------------    -------------------
    SLICE_X4Y43          FDRE                         0.000     0.000 r  bd/history_reg[12]/C
    SLICE_X4Y43          FDRE (Prop_fdre_C_Q)         0.141     0.141 r  bd/history_reg[12]/Q
                         net (fo=2, routed)           0.185     0.326    bd/history[12]
    SLICE_X5Y43          FDRE                                         r  bd/history_reg[11]/D
  -------------------------------------------------------------------    -------------------

Slack:                    inf
  Source:                 bd/history_reg[14]/C
                            (rising edge-triggered cell FDRE)
  Destination:            bd/history_reg[13]/D
  Path Group:             (none)
  Path Type:              Min at Fast Process Corner
  Data Path Delay:        0.329ns  (logic 0.141ns (42.909%)  route 0.188ns (57.091%))
  Logic Levels:           1  (FDRE=1)

    Location             Delay type                Incr(ns)  Path(ns)    Netlist Resource(s)
  -------------------------------------------------------------------    -------------------
    SLICE_X4Y43          FDRE                         0.000     0.000 r  bd/history_reg[14]/C
    SLICE_X4Y43          FDRE (Prop_fdre_C_Q)         0.141     0.141 r  bd/history_reg[14]/Q
                         net (fo=2, routed)           0.188     0.329    bd/history[14]
    SLICE_X4Y43          FDRE                                         r  bd/history_reg[13]/D
  -------------------------------------------------------------------    -------------------

Slack:                    inf
  Source:                 bd/history_reg[11]/C
                            (rising edge-triggered cell FDRE)
  Destination:            bd/history_reg[10]/D
  Path Group:             (none)
  Path Type:              Min at Fast Process Corner
  Data Path Delay:        0.330ns  (logic 0.141ns (42.783%)  route 0.189ns (57.217%))
  Logic Levels:           1  (FDRE=1)

    Location             Delay type                Incr(ns)  Path(ns)    Netlist Resource(s)
  -------------------------------------------------------------------    -------------------
    SLICE_X5Y43          FDRE                         0.000     0.000 r  bd/history_reg[11]/C
    SLICE_X5Y43          FDRE (Prop_fdre_C_Q)         0.141     0.141 r  bd/history_reg[11]/Q
                         net (fo=2, routed)           0.189     0.330    bd/history[11]
    SLICE_X5Y43          FDRE                                         r  bd/history_reg[10]/D
  -------------------------------------------------------------------    -------------------

Slack:                    inf
  Source:                 bd/history_reg[15]/C
                            (rising edge-triggered cell FDRE)
  Destination:            bd/history_reg[14]/D
  Path Group:             (none)
  Path Type:              Min at Fast Process Corner
  Data Path Delay:        0.332ns  (logic 0.141ns (42.503%)  route 0.191ns (57.497%))
  Logic Levels:           1  (FDRE=1)

    Location             Delay type                Incr(ns)  Path(ns)    Netlist Resource(s)
  -------------------------------------------------------------------    -------------------
    SLICE_X4Y43          FDRE                         0.000     0.000 r  bd/history_reg[15]/C
    SLICE_X4Y43          FDRE (Prop_fdre_C_Q)         0.141     0.141 r  bd/history_reg[15]/Q
                         net (fo=2, routed)           0.191     0.332    bd/history[15]
    SLICE_X4Y43          FDRE                                         r  bd/history_reg[14]/D
  -------------------------------------------------------------------    -------------------

Slack:                    inf
  Source:                 bd/history_reg[13]/C
                            (rising edge-triggered cell FDRE)
  Destination:            bd/history_reg[12]/D
  Path Group:             (none)
  Path Type:              Min at Fast Process Corner
  Data Path Delay:        0.381ns  (logic 0.141ns (37.037%)  route 0.240ns (62.963%))
  Logic Levels:           1  (FDRE=1)

    Location             Delay type                Incr(ns)  Path(ns)    Netlist Resource(s)
  -------------------------------------------------------------------    -------------------
    SLICE_X4Y43          FDRE                         0.000     0.000 r  bd/history_reg[13]/C
    SLICE_X4Y43          FDRE (Prop_fdre_C_Q)         0.141     0.141 r  bd/history_reg[13]/Q
                         net (fo=2, routed)           0.240     0.381    bd/history[13]
    SLICE_X4Y43          FDRE                                         r  bd/history_reg[12]/D
  -------------------------------------------------------------------    -------------------





--------------------------------------------------------------------------------------
Path Group:  (none)
From Clock:  sys_clk_pin
  To Clock:  

Max Delay             7 Endpoints
Min Delay             7 Endpoints
--------------------------------------------------------------------------------------


Max Delay Paths
--------------------------------------------------------------------------------------
Slack:                    inf
  Source:                 reg_hex_reg[7]/C
                            (rising edge-triggered cell FDRE clocked by sys_clk_pin  {rise@0.000ns fall@5.000ns period=10.000ns})
  Destination:            LEDOUT[6]
                            (output port)
  Path Group:             (none)
  Path Type:              Max at Slow Process Corner
  Data Path Delay:        10.958ns  (logic 4.643ns (42.367%)  route 6.316ns (57.633%))
  Logic Levels:           4  (LUT4=1 LUT6=1 MUXF7=1 OBUF=1)
  Clock Uncertainty:      0.025ns  ((TSJ^2 + TIJ^2)^1/2 + DJ) / 2 + PE
    Total System Jitter     (TSJ):    0.050ns
    Total Input Jitter      (TIJ):    0.000ns
    Discrete Jitter          (DJ):    0.000ns
    Phase Error              (PE):    0.000ns

    Location             Delay type                Incr(ns)  Path(ns)    Netlist Resource(s)
  -------------------------------------------------------------------    -------------------
                         (clock sys_clk_pin rise edge)
                                                      0.000     0.000 r  
    D13                                               0.000     0.000 r  clk (IN)
                         net (fo=0)                   0.000     0.000    clk
    D13                  IBUF (Prop_ibuf_I_O)         0.977     0.977 r  clk_IBUF_inst/O
                         net (fo=1, routed)           1.966     2.942    clk_IBUF
    BUFGCTRL_X0Y16       BUFG (Prop_bufg_I_O)         0.096     3.038 r  clk_IBUF_BUFG_inst/O
                         net (fo=49, routed)          1.627     4.666    clk_IBUF_BUFG
    SLICE_X7Y37          FDRE                                         r  reg_hex_reg[7]/C
  -------------------------------------------------------------------    -------------------
    SLICE_X7Y37          FDRE (Prop_fdre_C_Q)         0.456     5.122 r  reg_hex_reg[7]/Q
                         net (fo=7, routed)           1.171     6.293    led_mux/Q[7]
    SLICE_X2Y39          LUT4 (Prop_lut4_I0_O)        0.124     6.417 r  led_mux/LEDOUT_OBUF[6]_inst_i_5/O
                         net (fo=1, routed)           0.941     7.357    led_mux/hex1/s__30[6]
    SLICE_X1Y37          LUT6 (Prop_lut6_I5_O)        0.124     7.481 r  led_mux/LEDOUT_OBUF[6]_inst_i_3/O
                         net (fo=1, routed)           0.000     7.481    led_mux/LEDOUT_OBUF[6]_inst_i_3_n_0
    SLICE_X1Y37          MUXF7 (Prop_muxf7_I1_O)      0.245     7.726 r  led_mux/LEDOUT_OBUF[6]_inst_i_1/O
                         net (fo=1, routed)           4.204    11.931    LEDOUT_OBUF[6]
    U7                   OBUF (Prop_obuf_I_O)         3.694    15.624 r  LEDOUT_OBUF[6]_inst/O
                         net (fo=0)                   0.000    15.624    LEDOUT[6]
    U7                                                                r  LEDOUT[6] (OUT)
  -------------------------------------------------------------------    -------------------

Slack:                    inf
  Source:                 reg_hex_reg[6]/C
                            (rising edge-triggered cell FDRE clocked by sys_clk_pin  {rise@0.000ns fall@5.000ns period=10.000ns})
  Destination:            LEDOUT[3]
                            (output port)
  Path Group:             (none)
  Path Type:              Max at Slow Process Corner
  Data Path Delay:        10.952ns  (logic 4.629ns (42.269%)  route 6.323ns (57.731%))
  Logic Levels:           4  (LUT4=1 LUT6=1 MUXF7=1 OBUF=1)
  Clock Uncertainty:      0.025ns  ((TSJ^2 + TIJ^2)^1/2 + DJ) / 2 + PE
    Total System Jitter     (TSJ):    0.050ns
    Total Input Jitter      (TIJ):    0.000ns
    Discrete Jitter          (DJ):    0.000ns
    Phase Error              (PE):    0.000ns

    Location             Delay type                Incr(ns)  Path(ns)    Netlist Resource(s)
  -------------------------------------------------------------------    -------------------
                         (clock sys_clk_pin rise edge)
                                                      0.000     0.000 r  
    D13                                               0.000     0.000 r  clk (IN)
                         net (fo=0)                   0.000     0.000    clk
    D13                  IBUF (Prop_ibuf_I_O)         0.977     0.977 r  clk_IBUF_inst/O
                         net (fo=1, routed)           1.966     2.942    clk_IBUF
    BUFGCTRL_X0Y16       BUFG (Prop_bufg_I_O)         0.096     3.038 r  clk_IBUF_BUFG_inst/O
                         net (fo=49, routed)          1.629     4.668    clk_IBUF_BUFG
    SLICE_X3Y38          FDRE                                         r  reg_hex_reg[6]/C
  -------------------------------------------------------------------    -------------------
    SLICE_X3Y38          FDRE (Prop_fdre_C_Q)         0.456     5.124 r  reg_hex_reg[6]/Q
                         net (fo=7, routed)           1.140     6.264    led_mux/Q[6]
    SLICE_X0Y38          LUT4 (Prop_lut4_I1_O)        0.124     6.388 r  led_mux/LEDOUT_OBUF[3]_inst_i_5/O
                         net (fo=1, routed)           0.806     7.194    led_mux/hex1/s__30[3]
    SLICE_X1Y37          LUT6 (Prop_lut6_I5_O)        0.124     7.318 r  led_mux/LEDOUT_OBUF[3]_inst_i_3/O
                         net (fo=1, routed)           0.000     7.318    led_mux/LEDOUT_OBUF[3]_inst_i_3_n_0
    SLICE_X1Y37          MUXF7 (Prop_muxf7_I1_O)      0.217     7.535 r  led_mux/LEDOUT_OBUF[3]_inst_i_1/O
                         net (fo=1, routed)           4.377    11.912    LEDOUT_OBUF[3]
    V8                   OBUF (Prop_obuf_I_O)         3.708    15.620 r  LEDOUT_OBUF[3]_inst/O
                         net (fo=0)                   0.000    15.620    LEDOUT[3]
    V8                                                                r  LEDOUT[3] (OUT)
  -------------------------------------------------------------------    -------------------

Slack:                    inf
  Source:                 reg_hex_reg[6]/C
                            (rising edge-triggered cell FDRE clocked by sys_clk_pin  {rise@0.000ns fall@5.000ns period=10.000ns})
  Destination:            LEDOUT[4]
                            (output port)
  Path Group:             (none)
  Path Type:              Max at Slow Process Corner
  Data Path Delay:        10.708ns  (logic 4.897ns (45.733%)  route 5.811ns (54.267%))
  Logic Levels:           4  (LUT4=1 LUT6=1 MUXF7=1 OBUF=1)
  Clock Uncertainty:      0.025ns  ((TSJ^2 + TIJ^2)^1/2 + DJ) / 2 + PE
    Total System Jitter     (TSJ):    0.050ns
    Total Input Jitter      (TIJ):    0.000ns
    Discrete Jitter          (DJ):    0.000ns
    Phase Error              (PE):    0.000ns

    Location             Delay type                Incr(ns)  Path(ns)    Netlist Resource(s)
  -------------------------------------------------------------------    -------------------
                         (clock sys_clk_pin rise edge)
                                                      0.000     0.000 r  
    D13                                               0.000     0.000 r  clk (IN)
                         net (fo=0)                   0.000     0.000    clk
    D13                  IBUF (Prop_ibuf_I_O)         0.977     0.977 r  clk_IBUF_inst/O
                         net (fo=1, routed)           1.966     2.942    clk_IBUF
    BUFGCTRL_X0Y16       BUFG (Prop_bufg_I_O)         0.096     3.038 r  clk_IBUF_BUFG_inst/O
                         net (fo=49, routed)          1.629     4.668    clk_IBUF_BUFG
    SLICE_X3Y38          FDRE                                         r  reg_hex_reg[6]/C
  -------------------------------------------------------------------    -------------------
    SLICE_X3Y38          FDRE (Prop_fdre_C_Q)         0.456     5.124 r  reg_hex_reg[6]/Q
                         net (fo=7, routed)           1.140     6.264    led_mux/Q[6]
    SLICE_X0Y38          LUT4 (Prop_lut4_I2_O)        0.150     6.414 r  led_mux/LEDOUT_OBUF[4]_inst_i_5/O
                         net (fo=1, routed)           0.658     7.072    led_mux/hex1/s__30[4]
    SLICE_X0Y37          LUT6 (Prop_lut6_I5_O)        0.332     7.404 r  led_mux/LEDOUT_OBUF[4]_inst_i_3/O
                         net (fo=1, routed)           0.000     7.404    led_mux/LEDOUT_OBUF[4]_inst_i_3_n_0
    SLICE_X0Y37          MUXF7 (Prop_muxf7_I1_O)      0.245     7.649 r  led_mux/LEDOUT_OBUF[4]_inst_i_1/O
                         net (fo=1, routed)           4.013    11.662    LEDOUT_OBUF[4]
    U5                   OBUF (Prop_obuf_I_O)         3.714    15.376 r  LEDOUT_OBUF[4]_inst/O
                         net (fo=0)                   0.000    15.376    LEDOUT[4]
    U5                                                                r  LEDOUT[4] (OUT)
  -------------------------------------------------------------------    -------------------

Slack:                    inf
  Source:                 reg_hex_reg[2]/C
                            (rising edge-triggered cell FDRE clocked by sys_clk_pin  {rise@0.000ns fall@5.000ns period=10.000ns})
  Destination:            LEDOUT[2]
                            (output port)
  Path Group:             (none)
  Path Type:              Max at Slow Process Corner
  Data Path Delay:        8.202ns  (logic 3.993ns (48.678%)  route 4.210ns (51.322%))
  Logic Levels:           4  (LUT4=1 LUT6=1 MUXF7=1 OBUF=1)
  Clock Uncertainty:      0.025ns  ((TSJ^2 + TIJ^2)^1/2 + DJ) / 2 + PE
    Total System Jitter     (TSJ):    0.050ns
    Total Input Jitter      (TIJ):    0.000ns
    Discrete Jitter          (DJ):    0.000ns
    Phase Error              (PE):    0.000ns

    Location             Delay type                Incr(ns)  Path(ns)    Netlist Resource(s)
  -------------------------------------------------------------------    -------------------
                         (clock sys_clk_pin rise edge)
                                                      0.000     0.000 r  
    D13                                               0.000     0.000 r  clk (IN)
                         net (fo=0)                   0.000     0.000    clk
    D13                  IBUF (Prop_ibuf_I_O)         0.977     0.977 r  clk_IBUF_inst/O
                         net (fo=1, routed)           1.966     2.942    clk_IBUF
    BUFGCTRL_X0Y16       BUFG (Prop_bufg_I_O)         0.096     3.038 r  clk_IBUF_BUFG_inst/O
                         net (fo=49, routed)          1.625     4.664    clk_IBUF_BUFG
    SLICE_X3Y34          FDRE                                         r  reg_hex_reg[2]/C
  -------------------------------------------------------------------    -------------------
    SLICE_X3Y34          FDRE (Prop_fdre_C_Q)         0.456     5.120 r  reg_hex_reg[2]/Q
                         net (fo=7, routed)           1.006     6.125    led_mux/Q[2]
    SLICE_X0Y34          LUT4 (Prop_lut4_I3_O)        0.152     6.277 r  led_mux/LEDOUT_OBUF[2]_inst_i_4/O
                         net (fo=1, routed)           1.099     7.376    led_mux/hex0/s__30[2]
    SLICE_X1Y38          LUT6 (Prop_lut6_I5_O)        0.326     7.702 r  led_mux/LEDOUT_OBUF[2]_inst_i_2/O
                         net (fo=1, routed)           0.000     7.702    led_mux/LEDOUT_OBUF[2]_inst_i_2_n_0
    SLICE_X1Y38          MUXF7 (Prop_muxf7_I0_O)      0.238     7.940 r  led_mux/LEDOUT_OBUF[2]_inst_i_1/O
                         net (fo=1, routed)           2.105    10.046    LEDOUT_OBUF[2]
    F17                  OBUF (Prop_obuf_I_O)         2.821    12.866 r  LEDOUT_OBUF[2]_inst/O
                         net (fo=0)                   0.000    12.866    LEDOUT[2]
    F17                                                               r  LEDOUT[2] (OUT)
  -------------------------------------------------------------------    -------------------

Slack:                    inf
  Source:                 reg_hex_reg[7]/C
                            (rising edge-triggered cell FDRE clocked by sys_clk_pin  {rise@0.000ns fall@5.000ns period=10.000ns})
  Destination:            LEDOUT[1]
                            (output port)
  Path Group:             (none)
  Path Type:              Max at Slow Process Corner
  Data Path Delay:        7.789ns  (logic 3.745ns (48.082%)  route 4.044ns (51.918%))
  Logic Levels:           4  (LUT4=1 LUT6=1 MUXF7=1 OBUF=1)
  Clock Uncertainty:      0.025ns  ((TSJ^2 + TIJ^2)^1/2 + DJ) / 2 + PE
    Total System Jitter     (TSJ):    0.050ns
    Total Input Jitter      (TIJ):    0.000ns
    Discrete Jitter          (DJ):    0.000ns
    Phase Error              (PE):    0.000ns

    Location             Delay type                Incr(ns)  Path(ns)    Netlist Resource(s)
  -------------------------------------------------------------------    -------------------
                         (clock sys_clk_pin rise edge)
                                                      0.000     0.000 r  
    D13                                               0.000     0.000 r  clk (IN)
                         net (fo=0)                   0.000     0.000    clk
    D13                  IBUF (Prop_ibuf_I_O)         0.977     0.977 r  clk_IBUF_inst/O
                         net (fo=1, routed)           1.966     2.942    clk_IBUF
    BUFGCTRL_X0Y16       BUFG (Prop_bufg_I_O)         0.096     3.038 r  clk_IBUF_BUFG_inst/O
                         net (fo=49, routed)          1.627     4.666    clk_IBUF_BUFG
    SLICE_X7Y37          FDRE                                         r  reg_hex_reg[7]/C
  -------------------------------------------------------------------    -------------------
    SLICE_X7Y37          FDRE (Prop_fdre_C_Q)         0.456     5.122 r  reg_hex_reg[7]/Q
                         net (fo=7, routed)           0.979     6.101    led_mux/Q[7]
    SLICE_X2Y38          LUT4 (Prop_lut4_I0_O)        0.124     6.225 r  led_mux/LEDOUT_OBUF[1]_inst_i_5/O
                         net (fo=1, routed)           0.962     7.186    led_mux/hex1/s__30[1]
    SLICE_X1Y38          LUT6 (Prop_lut6_I5_O)        0.124     7.310 r  led_mux/LEDOUT_OBUF[1]_inst_i_3/O
                         net (fo=1, routed)           0.000     7.310    led_mux/LEDOUT_OBUF[1]_inst_i_3_n_0
    SLICE_X1Y38          MUXF7 (Prop_muxf7_I1_O)      0.217     7.527 r  led_mux/LEDOUT_OBUF[1]_inst_i_1/O
                         net (fo=1, routed)           2.104     9.631    LEDOUT_OBUF[1]
    E18                  OBUF (Prop_obuf_I_O)         2.824    12.455 r  LEDOUT_OBUF[1]_inst/O
                         net (fo=0)                   0.000    12.455    LEDOUT[1]
    E18                                                               r  LEDOUT[1] (OUT)
  -------------------------------------------------------------------    -------------------

Slack:                    inf
  Source:                 reg_hex_reg[3]/C
                            (rising edge-triggered cell FDRE clocked by sys_clk_pin  {rise@0.000ns fall@5.000ns period=10.000ns})
  Destination:            LEDOUT[0]
                            (output port)
  Path Group:             (none)
  Path Type:              Max at Slow Process Corner
  Data Path Delay:        7.783ns  (logic 3.916ns (50.319%)  route 3.867ns (49.681%))
  Logic Levels:           4  (LUT4=1 LUT6=1 MUXF7=1 OBUF=1)
  Clock Uncertainty:      0.025ns  ((TSJ^2 + TIJ^2)^1/2 + DJ) / 2 + PE
    Total System Jitter     (TSJ):    0.050ns
    Total Input Jitter      (TIJ):    0.000ns
    Discrete Jitter          (DJ):    0.000ns
    Phase Error              (PE):    0.000ns

    Location             Delay type                Incr(ns)  Path(ns)    Netlist Resource(s)
  -------------------------------------------------------------------    -------------------
                         (clock sys_clk_pin rise edge)
                                                      0.000     0.000 r  
    D13                                               0.000     0.000 r  clk (IN)
                         net (fo=0)                   0.000     0.000    clk
    D13                  IBUF (Prop_ibuf_I_O)         0.977     0.977 r  clk_IBUF_inst/O
                         net (fo=1, routed)           1.966     2.942    clk_IBUF
    BUFGCTRL_X0Y16       BUFG (Prop_bufg_I_O)         0.096     3.038 r  clk_IBUF_BUFG_inst/O
                         net (fo=49, routed)          1.624     4.663    clk_IBUF_BUFG
    SLICE_X0Y33          FDRE                                         r  reg_hex_reg[3]/C
  -------------------------------------------------------------------    -------------------
    SLICE_X0Y33          FDRE (Prop_fdre_C_Q)         0.456     5.119 f  reg_hex_reg[3]/Q
                         net (fo=7, routed)           0.977     6.096    led_mux/Q[3]
    SLICE_X0Y34          LUT4 (Prop_lut4_I3_O)        0.154     6.250 r  led_mux/LEDOUT_OBUF[0]_inst_i_4/O
                         net (fo=1, routed)           0.786     7.036    led_mux/LEDOUT_OBUF[0]_inst_i_4_n_0
    SLICE_X0Y37          LUT6 (Prop_lut6_I5_O)        0.327     7.363 r  led_mux/LEDOUT_OBUF[0]_inst_i_2/O
                         net (fo=1, routed)           0.000     7.363    led_mux/LEDOUT_OBUF[0]_inst_i_2_n_0
    SLICE_X0Y37          MUXF7 (Prop_muxf7_I0_O)      0.212     7.575 r  led_mux/LEDOUT_OBUF[0]_inst_i_1/O
                         net (fo=1, routed)           2.104     9.678    LEDOUT_OBUF[0]
    H14                  OBUF (Prop_obuf_I_O)         2.767    12.446 r  LEDOUT_OBUF[0]_inst/O
                         net (fo=0)                   0.000    12.446    LEDOUT[0]
    H14                                                               r  LEDOUT[0] (OUT)
  -------------------------------------------------------------------    -------------------

Slack:                    inf
  Source:                 reg_hex_reg[6]/C
                            (rising edge-triggered cell FDRE clocked by sys_clk_pin  {rise@0.000ns fall@5.000ns period=10.000ns})
  Destination:            LEDOUT[5]
                            (output port)
  Path Group:             (none)
  Path Type:              Max at Slow Process Corner
  Data Path Delay:        7.340ns  (logic 3.948ns (53.789%)  route 3.392ns (46.211%))
  Logic Levels:           4  (LUT4=1 LUT6=1 MUXF7=1 OBUF=1)
  Clock Uncertainty:      0.025ns  ((TSJ^2 + TIJ^2)^1/2 + DJ) / 2 + PE
    Total System Jitter     (TSJ):    0.050ns
    Total Input Jitter      (TIJ):    0.000ns
    Discrete Jitter          (DJ):    0.000ns
    Phase Error              (PE):    0.000ns

    Location             Delay type                Incr(ns)  Path(ns)    Netlist Resource(s)
  -------------------------------------------------------------------    -------------------
                         (clock sys_clk_pin rise edge)
                                                      0.000     0.000 r  
    D13                                               0.000     0.000 r  clk (IN)
                         net (fo=0)                   0.000     0.000    clk
    D13                  IBUF (Prop_ibuf_I_O)         0.977     0.977 r  clk_IBUF_inst/O
                         net (fo=1, routed)           1.966     2.942    clk_IBUF
    BUFGCTRL_X0Y16       BUFG (Prop_bufg_I_O)         0.096     3.038 r  clk_IBUF_BUFG_inst/O
                         net (fo=49, routed)          1.629     4.668    clk_IBUF_BUFG
    SLICE_X3Y38          FDRE                                         r  reg_hex_reg[6]/C
  -------------------------------------------------------------------    -------------------
    SLICE_X3Y38          FDRE (Prop_fdre_C_Q)         0.456     5.124 f  reg_hex_reg[6]/Q
                         net (fo=7, routed)           0.984     6.108    led_mux/Q[6]
    SLICE_X0Y38          LUT4 (Prop_lut4_I2_O)        0.153     6.261 r  led_mux/LEDOUT_OBUF[5]_inst_i_5/O
                         net (fo=1, routed)           0.279     6.540    led_mux/LEDOUT_OBUF[5]_inst_i_5_n_0
    SLICE_X0Y38          LUT6 (Prop_lut6_I5_O)        0.327     6.867 r  led_mux/LEDOUT_OBUF[5]_inst_i_3/O
                         net (fo=1, routed)           0.000     6.867    led_mux/LEDOUT_OBUF[5]_inst_i_3_n_0
    SLICE_X0Y38          MUXF7 (Prop_muxf7_I1_O)      0.217     7.084 r  led_mux/LEDOUT_OBUF[5]_inst_i_1/O
                         net (fo=1, routed)           2.129     9.213    LEDOUT_OBUF[5]
    H18                  OBUF (Prop_obuf_I_O)         2.795    12.008 r  LEDOUT_OBUF[5]_inst/O
                         net (fo=0)                   0.000    12.008    LEDOUT[5]
    H18                                                               r  LEDOUT[5] (OUT)
  -------------------------------------------------------------------    -------------------





Min Delay Paths
--------------------------------------------------------------------------------------
Slack:                    inf
  Source:                 reg_hex_reg[12]/C
                            (rising edge-triggered cell FDRE clocked by sys_clk_pin  {rise@0.000ns fall@5.000ns period=10.000ns})
  Destination:            LEDOUT[0]
                            (output port)
  Path Group:             (none)
  Path Type:              Min at Fast Process Corner
  Data Path Delay:        2.126ns  (logic 1.423ns (66.952%)  route 0.703ns (33.048%))
  Logic Levels:           3  (LUT6=1 MUXF7=1 OBUF=1)
  Clock Uncertainty:      0.025ns  ((TSJ^2 + TIJ^2)^1/2 + DJ) / 2 + PE
    Total System Jitter     (TSJ):    0.050ns
    Total Input Jitter      (TIJ):    0.000ns
    Discrete Jitter          (DJ):    0.000ns
    Phase Error              (PE):    0.000ns

    Location             Delay type                Incr(ns)  Path(ns)    Netlist Resource(s)
  -------------------------------------------------------------------    -------------------
                         (clock sys_clk_pin rise edge)
                                                      0.000     0.000 r  
    D13                                               0.000     0.000 r  clk (IN)
                         net (fo=0)                   0.000     0.000    clk
    D13                  IBUF (Prop_ibuf_I_O)         0.206     0.206 r  clk_IBUF_inst/O
                         net (fo=1, routed)           0.631     0.837    clk_IBUF
    BUFGCTRL_X0Y16       BUFG (Prop_bufg_I_O)         0.026     0.863 r  clk_IBUF_BUFG_inst/O
                         net (fo=49, routed)          0.589     1.451    clk_IBUF_BUFG
    SLICE_X1Y36          FDRE                                         r  reg_hex_reg[12]/C
  -------------------------------------------------------------------    -------------------
    SLICE_X1Y36          FDRE (Prop_fdre_C_Q)         0.141     1.592 r  reg_hex_reg[12]/Q
                         net (fo=7, routed)           0.183     1.775    led_mux/Q[12]
    SLICE_X0Y37          LUT6 (Prop_lut6_I1_O)        0.045     1.820 r  led_mux/LEDOUT_OBUF[0]_inst_i_3/O
                         net (fo=1, routed)           0.000     1.820    led_mux/LEDOUT_OBUF[0]_inst_i_3_n_0
    SLICE_X0Y37          MUXF7 (Prop_muxf7_I1_O)      0.065     1.885 r  led_mux/LEDOUT_OBUF[0]_inst_i_1/O
                         net (fo=1, routed)           0.520     2.405    LEDOUT_OBUF[0]
    H14                  OBUF (Prop_obuf_I_O)         1.172     3.577 r  LEDOUT_OBUF[0]_inst/O
                         net (fo=0)                   0.000     3.577    LEDOUT[0]
    H14                                                               r  LEDOUT[0] (OUT)
  -------------------------------------------------------------------    -------------------

Slack:                    inf
  Source:                 reg_hex_reg[15]/C
                            (rising edge-triggered cell FDRE clocked by sys_clk_pin  {rise@0.000ns fall@5.000ns period=10.000ns})
  Destination:            LEDOUT[2]
                            (output port)
  Path Group:             (none)
  Path Type:              Min at Fast Process Corner
  Data Path Delay:        2.132ns  (logic 1.486ns (69.718%)  route 0.646ns (30.282%))
  Logic Levels:           3  (LUT6=1 MUXF7=1 OBUF=1)
  Clock Uncertainty:      0.025ns  ((TSJ^2 + TIJ^2)^1/2 + DJ) / 2 + PE
    Total System Jitter     (TSJ):    0.050ns
    Total Input Jitter      (TIJ):    0.000ns
    Discrete Jitter          (DJ):    0.000ns
    Phase Error              (PE):    0.000ns

    Location             Delay type                Incr(ns)  Path(ns)    Netlist Resource(s)
  -------------------------------------------------------------------    -------------------
                         (clock sys_clk_pin rise edge)
                                                      0.000     0.000 r  
    D13                                               0.000     0.000 r  clk (IN)
                         net (fo=0)                   0.000     0.000    clk
    D13                  IBUF (Prop_ibuf_I_O)         0.206     0.206 r  clk_IBUF_inst/O
                         net (fo=1, routed)           0.631     0.837    clk_IBUF
    BUFGCTRL_X0Y16       BUFG (Prop_bufg_I_O)         0.026     0.863 r  clk_IBUF_BUFG_inst/O
                         net (fo=49, routed)          0.591     1.453    clk_IBUF_BUFG
    SLICE_X3Y38          FDRE                                         r  reg_hex_reg[15]/C
  -------------------------------------------------------------------    -------------------
    SLICE_X3Y38          FDRE (Prop_fdre_C_Q)         0.141     1.594 r  reg_hex_reg[15]/Q
                         net (fo=7, routed)           0.124     1.719    led_mux/Q[15]
    SLICE_X1Y38          LUT6 (Prop_lut6_I0_O)        0.045     1.764 r  led_mux/LEDOUT_OBUF[2]_inst_i_3/O
                         net (fo=1, routed)           0.000     1.764    led_mux/LEDOUT_OBUF[2]_inst_i_3_n_0
    SLICE_X1Y38          MUXF7 (Prop_muxf7_I1_O)      0.074     1.838 r  led_mux/LEDOUT_OBUF[2]_inst_i_1/O
                         net (fo=1, routed)           0.521     2.359    LEDOUT_OBUF[2]
    F17                  OBUF (Prop_obuf_I_O)         1.226     3.586 r  LEDOUT_OBUF[2]_inst/O
                         net (fo=0)                   0.000     3.586    LEDOUT[2]
    F17                                                               r  LEDOUT[2] (OUT)
  -------------------------------------------------------------------    -------------------

Slack:                    inf
  Source:                 reg_hex_reg[13]/C
                            (rising edge-triggered cell FDRE clocked by sys_clk_pin  {rise@0.000ns fall@5.000ns period=10.000ns})
  Destination:            LEDOUT[1]
                            (output port)
  Path Group:             (none)
  Path Type:              Min at Fast Process Corner
  Data Path Delay:        2.147ns  (logic 1.480ns (68.925%)  route 0.667ns (31.075%))
  Logic Levels:           3  (LUT6=1 MUXF7=1 OBUF=1)
  Clock Uncertainty:      0.025ns  ((TSJ^2 + TIJ^2)^1/2 + DJ) / 2 + PE
    Total System Jitter     (TSJ):    0.050ns
    Total Input Jitter      (TIJ):    0.000ns
    Discrete Jitter          (DJ):    0.000ns
    Phase Error              (PE):    0.000ns

    Location             Delay type                Incr(ns)  Path(ns)    Netlist Resource(s)
  -------------------------------------------------------------------    -------------------
                         (clock sys_clk_pin rise edge)
                                                      0.000     0.000 r  
    D13                                               0.000     0.000 r  clk (IN)
                         net (fo=0)                   0.000     0.000    clk
    D13                  IBUF (Prop_ibuf_I_O)         0.206     0.206 r  clk_IBUF_inst/O
                         net (fo=1, routed)           0.631     0.837    clk_IBUF
    BUFGCTRL_X0Y16       BUFG (Prop_bufg_I_O)         0.026     0.863 r  clk_IBUF_BUFG_inst/O
                         net (fo=49, routed)          0.591     1.453    clk_IBUF_BUFG
    SLICE_X3Y39          FDRE                                         r  reg_hex_reg[13]/C
  -------------------------------------------------------------------    -------------------
    SLICE_X3Y39          FDRE (Prop_fdre_C_Q)         0.141     1.594 r  reg_hex_reg[13]/Q
                         net (fo=7, routed)           0.148     1.742    led_mux/Q[13]
    SLICE_X1Y38          LUT6 (Prop_lut6_I2_O)        0.045     1.787 r  led_mux/LEDOUT_OBUF[1]_inst_i_3/O
                         net (fo=1, routed)           0.000     1.787    led_mux/LEDOUT_OBUF[1]_inst_i_3_n_0
    SLICE_X1Y38          MUXF7 (Prop_muxf7_I1_O)      0.065     1.852 r  led_mux/LEDOUT_OBUF[1]_inst_i_1/O
                         net (fo=1, routed)           0.520     2.372    LEDOUT_OBUF[1]
    E18                  OBUF (Prop_obuf_I_O)         1.229     3.601 r  LEDOUT_OBUF[1]_inst/O
                         net (fo=0)                   0.000     3.601    LEDOUT[1]
    E18                                                               r  LEDOUT[1] (OUT)
  -------------------------------------------------------------------    -------------------

Slack:                    inf
  Source:                 reg_hex_reg[10]/C
                            (rising edge-triggered cell FDRE clocked by sys_clk_pin  {rise@0.000ns fall@5.000ns period=10.000ns})
  Destination:            LEDOUT[5]
                            (output port)
  Path Group:             (none)
  Path Type:              Min at Fast Process Corner
  Data Path Delay:        2.158ns  (logic 1.448ns (67.094%)  route 0.710ns (32.906%))
  Logic Levels:           3  (LUT6=1 MUXF7=1 OBUF=1)
  Clock Uncertainty:      0.025ns  ((TSJ^2 + TIJ^2)^1/2 + DJ) / 2 + PE
    Total System Jitter     (TSJ):    0.050ns
    Total Input Jitter      (TIJ):    0.000ns
    Discrete Jitter          (DJ):    0.000ns
    Phase Error              (PE):    0.000ns

    Location             Delay type                Incr(ns)  Path(ns)    Netlist Resource(s)
  -------------------------------------------------------------------    -------------------
                         (clock sys_clk_pin rise edge)
                                                      0.000     0.000 r  
    D13                                               0.000     0.000 r  clk (IN)
                         net (fo=0)                   0.000     0.000    clk
    D13                  IBUF (Prop_ibuf_I_O)         0.206     0.206 r  clk_IBUF_inst/O
                         net (fo=1, routed)           0.631     0.837    clk_IBUF
    BUFGCTRL_X0Y16       BUFG (Prop_bufg_I_O)         0.026     0.863 r  clk_IBUF_BUFG_inst/O
                         net (fo=49, routed)          0.590     1.452    clk_IBUF_BUFG
    SLICE_X3Y37          FDRE                                         r  reg_hex_reg[10]/C
  -------------------------------------------------------------------    -------------------
    SLICE_X3Y37          FDRE (Prop_fdre_C_Q)         0.141     1.593 f  reg_hex_reg[10]/Q
                         net (fo=7, routed)           0.182     1.775    led_mux/Q[10]
    SLICE_X0Y38          LUT6 (Prop_lut6_I2_O)        0.045     1.820 r  led_mux/LEDOUT_OBUF[5]_inst_i_2/O
                         net (fo=1, routed)           0.000     1.820    led_mux/LEDOUT_OBUF[5]_inst_i_2_n_0
    SLICE_X0Y38          MUXF7 (Prop_muxf7_I0_O)      0.062     1.882 r  led_mux/LEDOUT_OBUF[5]_inst_i_1/O
                         net (fo=1, routed)           0.528     2.411    LEDOUT_OBUF[5]
    H18                  OBUF (Prop_obuf_I_O)         1.200     3.611 r  LEDOUT_OBUF[5]_inst/O
                         net (fo=0)                   0.000     3.611    LEDOUT[5]
    H18                                                               r  LEDOUT[5] (OUT)
  -------------------------------------------------------------------    -------------------

Slack:                    inf
  Source:                 reg_hex_reg[15]/C
                            (rising edge-triggered cell FDRE clocked by sys_clk_pin  {rise@0.000ns fall@5.000ns period=10.000ns})
  Destination:            LEDOUT[4]
                            (output port)
  Path Group:             (none)
  Path Type:              Min at Fast Process Corner
  Data Path Delay:        3.295ns  (logic 1.564ns (47.449%)  route 1.732ns (52.551%))
  Logic Levels:           3  (LUT6=1 MUXF7=1 OBUF=1)
  Clock Uncertainty:      0.025ns  ((TSJ^2 + TIJ^2)^1/2 + DJ) / 2 + PE
    Total System Jitter     (TSJ):    0.050ns
    Total Input Jitter      (TIJ):    0.000ns
    Discrete Jitter          (DJ):    0.000ns
    Phase Error              (PE):    0.000ns

    Location             Delay type                Incr(ns)  Path(ns)    Netlist Resource(s)
  -------------------------------------------------------------------    -------------------
                         (clock sys_clk_pin rise edge)
                                                      0.000     0.000 r  
    D13                                               0.000     0.000 r  clk (IN)
                         net (fo=0)                   0.000     0.000    clk
    D13                  IBUF (Prop_ibuf_I_O)         0.206     0.206 r  clk_IBUF_inst/O
                         net (fo=1, routed)           0.631     0.837    clk_IBUF
    BUFGCTRL_X0Y16       BUFG (Prop_bufg_I_O)         0.026     0.863 r  clk_IBUF_BUFG_inst/O
                         net (fo=49, routed)          0.591     1.453    clk_IBUF_BUFG
    SLICE_X3Y38          FDRE                                         r  reg_hex_reg[15]/C
  -------------------------------------------------------------------    -------------------
    SLICE_X3Y38          FDRE (Prop_fdre_C_Q)         0.141     1.594 f  reg_hex_reg[15]/Q
                         net (fo=7, routed)           0.174     1.768    led_mux/Q[15]
    SLICE_X0Y37          LUT6 (Prop_lut6_I0_O)        0.045     1.813 r  led_mux/LEDOUT_OBUF[4]_inst_i_3/O
                         net (fo=1, routed)           0.000     1.813    led_mux/LEDOUT_OBUF[4]_inst_i_3_n_0
    SLICE_X0Y37          MUXF7 (Prop_muxf7_I1_O)      0.074     1.887 r  led_mux/LEDOUT_OBUF[4]_inst_i_1/O
                         net (fo=1, routed)           1.558     3.445    LEDOUT_OBUF[4]
    U5                   OBUF (Prop_obuf_I_O)         1.304     4.749 r  LEDOUT_OBUF[4]_inst/O
                         net (fo=0)                   0.000     4.749    LEDOUT[4]
    U5                                                                r  LEDOUT[4] (OUT)
  -------------------------------------------------------------------    -------------------

Slack:                    inf
  Source:                 reg_hex_reg[11]/C
                            (rising edge-triggered cell FDRE clocked by sys_clk_pin  {rise@0.000ns fall@5.000ns period=10.000ns})
  Destination:            LEDOUT[6]
                            (output port)
  Path Group:             (none)
  Path Type:              Min at Fast Process Corner
  Data Path Delay:        3.337ns  (logic 1.541ns (46.177%)  route 1.796ns (53.823%))
  Logic Levels:           3  (LUT6=1 MUXF7=1 OBUF=1)
  Clock Uncertainty:      0.025ns  ((TSJ^2 + TIJ^2)^1/2 + DJ) / 2 + PE
    Total System Jitter     (TSJ):    0.050ns
    Total Input Jitter      (TIJ):    0.000ns
    Discrete Jitter          (DJ):    0.000ns
    Phase Error              (PE):    0.000ns

    Location             Delay type                Incr(ns)  Path(ns)    Netlist Resource(s)
  -------------------------------------------------------------------    -------------------
                         (clock sys_clk_pin rise edge)
                                                      0.000     0.000 r  
    D13                                               0.000     0.000 r  clk (IN)
                         net (fo=0)                   0.000     0.000    clk
    D13                  IBUF (Prop_ibuf_I_O)         0.206     0.206 r  clk_IBUF_inst/O
                         net (fo=1, routed)           0.631     0.837    clk_IBUF
    BUFGCTRL_X0Y16       BUFG (Prop_bufg_I_O)         0.026     0.863 r  clk_IBUF_BUFG_inst/O
                         net (fo=49, routed)          0.589     1.451    clk_IBUF_BUFG
    SLICE_X3Y35          FDRE                                         r  reg_hex_reg[11]/C
  -------------------------------------------------------------------    -------------------
    SLICE_X3Y35          FDRE (Prop_fdre_C_Q)         0.141     1.592 r  reg_hex_reg[11]/Q
                         net (fo=7, routed)           0.176     1.769    led_mux/Q[11]
    SLICE_X1Y37          LUT6 (Prop_lut6_I0_O)        0.045     1.814 r  led_mux/LEDOUT_OBUF[6]_inst_i_2/O
                         net (fo=1, routed)           0.000     1.814    led_mux/LEDOUT_OBUF[6]_inst_i_2_n_0
    SLICE_X1Y37          MUXF7 (Prop_muxf7_I0_O)      0.071     1.885 r  led_mux/LEDOUT_OBUF[6]_inst_i_1/O
                         net (fo=1, routed)           1.619     3.504    LEDOUT_OBUF[6]
    U7                   OBUF (Prop_obuf_I_O)         1.284     4.788 r  LEDOUT_OBUF[6]_inst/O
                         net (fo=0)                   0.000     4.788    LEDOUT[6]
    U7                                                                r  LEDOUT[6] (OUT)
  -------------------------------------------------------------------    -------------------

Slack:                    inf
  Source:                 reg_hex_reg[10]/C
                            (rising edge-triggered cell FDRE clocked by sys_clk_pin  {rise@0.000ns fall@5.000ns period=10.000ns})
  Destination:            LEDOUT[3]
                            (output port)
  Path Group:             (none)
  Path Type:              Min at Fast Process Corner
  Data Path Delay:        3.401ns  (logic 1.545ns (45.442%)  route 1.855ns (54.558%))
  Logic Levels:           3  (LUT6=1 MUXF7=1 OBUF=1)
  Clock Uncertainty:      0.025ns  ((TSJ^2 + TIJ^2)^1/2 + DJ) / 2 + PE
    Total System Jitter     (TSJ):    0.050ns
    Total Input Jitter      (TIJ):    0.000ns
    Discrete Jitter          (DJ):    0.000ns
    Phase Error              (PE):    0.000ns

    Location             Delay type                Incr(ns)  Path(ns)    Netlist Resource(s)
  -------------------------------------------------------------------    -------------------
                         (clock sys_clk_pin rise edge)
                                                      0.000     0.000 r  
    D13                                               0.000     0.000 r  clk (IN)
                         net (fo=0)                   0.000     0.000    clk
    D13                  IBUF (Prop_ibuf_I_O)         0.206     0.206 r  clk_IBUF_inst/O
                         net (fo=1, routed)           0.631     0.837    clk_IBUF
    BUFGCTRL_X0Y16       BUFG (Prop_bufg_I_O)         0.026     0.863 r  clk_IBUF_BUFG_inst/O
                         net (fo=49, routed)          0.590     1.452    clk_IBUF_BUFG
    SLICE_X3Y37          FDRE                                         r  reg_hex_reg[10]/C
  -------------------------------------------------------------------    -------------------
    SLICE_X3Y37          FDRE (Prop_fdre_C_Q)         0.141     1.593 r  reg_hex_reg[10]/Q
                         net (fo=7, routed)           0.158     1.752    led_mux/Q[10]
    SLICE_X1Y37          LUT6 (Prop_lut6_I1_O)        0.045     1.797 r  led_mux/LEDOUT_OBUF[3]_inst_i_2/O
                         net (fo=1, routed)           0.000     1.797    led_mux/LEDOUT_OBUF[3]_inst_i_2_n_0
    SLICE_X1Y37          MUXF7 (Prop_muxf7_I0_O)      0.062     1.859 r  led_mux/LEDOUT_OBUF[3]_inst_i_1/O
                         net (fo=1, routed)           1.697     3.556    LEDOUT_OBUF[3]
    V8                   OBUF (Prop_obuf_I_O)         1.297     4.853 r  LEDOUT_OBUF[3]_inst/O
                         net (fo=0)                   0.000     4.853    LEDOUT[3]
    V8                                                                r  LEDOUT[3] (OUT)
  -------------------------------------------------------------------    -------------------





--------------------------------------------------------------------------------------
Path Group:  (none)
From Clock:  
  To Clock:  sys_clk_pin

Max Delay            49 Endpoints
Min Delay            49 Endpoints
--------------------------------------------------------------------------------------


Max Delay Paths
--------------------------------------------------------------------------------------
Slack:                    inf
  Source:                 mips_top/mips/dp/pc_reg/q_reg[2]/C
                            (rising edge-triggered cell FDCE)
  Destination:            reg_hex_reg[9]/D
                            (rising edge-triggered cell FDRE clocked by sys_clk_pin  {rise@0.000ns fall@5.000ns period=10.000ns})
  Path Group:             (none)
  Path Type:              Setup (Max at Slow Process Corner)
  Data Path Delay:        15.831ns  (logic 3.219ns (20.333%)  route 12.612ns (79.667%))
  Logic Levels:           15  (CARRY4=7 FDCE=1 LUT3=1 LUT5=2 LUT6=3 RAMD32=1)
  Clock Uncertainty:      0.025ns  ((TSJ^2 + TIJ^2)^1/2 + DJ) / 2 + PE
    Total System Jitter     (TSJ):    0.050ns
    Total Input Jitter      (TIJ):    0.000ns
    Discrete Jitter          (DJ):    0.000ns
    Phase Error              (PE):    0.000ns

    Location             Delay type                Incr(ns)  Path(ns)    Netlist Resource(s)
  -------------------------------------------------------------------    -------------------
    SLICE_X6Y29          FDCE                         0.000     0.000 r  mips_top/mips/dp/pc_reg/q_reg[2]/C
    SLICE_X6Y29          FDCE (Prop_fdce_C_Q)         0.518     0.518 r  mips_top/mips/dp/pc_reg/q_reg[2]/Q
                         net (fo=114, routed)         5.032     5.550    mips_top/mips/dp/pc_reg/Q[0]
    SLICE_X7Y39          LUT5 (Prop_lut5_I3_O)        0.124     5.674 r  mips_top/mips/dp/pc_reg/rf_reg_r2_0_31_0_5_i_3/O
                         net (fo=33, routed)          2.094     7.768    mips_top/mips/dp/rf/rf_reg_r2_0_31_0_5/ADDRA0
    SLICE_X8Y31          RAMD32 (Prop_ramd32_RADR0_O)
                                                      0.150     7.918 r  mips_top/mips/dp/rf/rf_reg_r2_0_31_0_5/RAMA/O
                         net (fo=3, routed)           0.994     8.912    mips_top/mips/dp/pc_reg/rd20[0]
    SLICE_X9Y30          LUT6 (Prop_lut6_I5_O)        0.328     9.240 r  mips_top/mips/dp/pc_reg/i__carry_i_13/O
                         net (fo=5, routed)           1.297    10.537    mips_top/mips/dp/pc_reg/q_reg[3]_0[0]
    SLICE_X12Y32         LUT3 (Prop_lut3_I0_O)        0.124    10.661 r  mips_top/mips/dp/pc_reg/i__carry_i_8/O
                         net (fo=1, routed)           0.000    10.661    mips_top/mips/dp/alu/S[0]
    SLICE_X12Y32         CARRY4 (Prop_carry4_S[0]_CO[3])
                                                      0.513    11.174 r  mips_top/mips/dp/alu/y0_inferred__2/i__carry/CO[3]
                         net (fo=1, routed)           0.000    11.174    mips_top/mips/dp/alu/y0_inferred__2/i__carry_n_0
    SLICE_X12Y33         CARRY4 (Prop_carry4_CI_CO[3])
                                                      0.117    11.291 r  mips_top/mips/dp/alu/y0_inferred__2/i__carry__0/CO[3]
                         net (fo=1, routed)           0.000    11.291    mips_top/mips/dp/alu/y0_inferred__2/i__carry__0_n_0
    SLICE_X12Y34         CARRY4 (Prop_carry4_CI_CO[3])
                                                      0.117    11.408 r  mips_top/mips/dp/alu/y0_inferred__2/i__carry__1/CO[3]
                         net (fo=1, routed)           0.000    11.408    mips_top/mips/dp/alu/y0_inferred__2/i__carry__1_n_0
    SLICE_X12Y35         CARRY4 (Prop_carry4_CI_CO[3])
                                                      0.117    11.525 r  mips_top/mips/dp/alu/y0_inferred__2/i__carry__2/CO[3]
                         net (fo=1, routed)           0.000    11.525    mips_top/mips/dp/alu/y0_inferred__2/i__carry__2_n_0
    SLICE_X12Y36         CARRY4 (Prop_carry4_CI_CO[3])
                                                      0.117    11.642 r  mips_top/mips/dp/alu/y0_inferred__2/i__carry__3/CO[3]
                         net (fo=1, routed)           0.000    11.642    mips_top/mips/dp/alu/y0_inferred__2/i__carry__3_n_0
    SLICE_X12Y37         CARRY4 (Prop_carry4_CI_CO[3])
                                                      0.117    11.759 r  mips_top/mips/dp/alu/y0_inferred__2/i__carry__4/CO[3]
                         net (fo=1, routed)           0.000    11.759    mips_top/mips/dp/alu/y0_inferred__2/i__carry__4_n_0
    SLICE_X12Y38         CARRY4 (Prop_carry4_CI_O[1])
                                                      0.323    12.082 r  mips_top/mips/dp/alu/y0_inferred__2/i__carry__5/O[1]
                         net (fo=1, routed)           0.821    12.903    mips_top/mips/dp/pc_reg/y_carry_i_7_0[24]
    SLICE_X12Y40         LUT6 (Prop_lut6_I3_O)        0.306    13.209 r  mips_top/mips/dp/pc_reg/rf_reg_r1_0_31_24_29_i_7/O
                         net (fo=3, routed)           1.423    14.632    mips_top/mips/dp/pc_reg/rf_reg_r1_0_31_24_29_i_7_n_0
    SLICE_X7Y33          LUT6 (Prop_lut6_I5_O)        0.124    14.756 r  mips_top/mips/dp/pc_reg/reg_hex[9]_i_3/O
                         net (fo=1, routed)           0.951    15.707    mips_top/mips/dp/pc_reg/reg_hex[9]_i_3_n_0
    SLICE_X1Y33          LUT5 (Prop_lut5_I3_O)        0.124    15.831 r  mips_top/mips/dp/pc_reg/reg_hex[9]_i_1/O
                         net (fo=1, routed)           0.000    15.831    reg_hex[9]
    SLICE_X1Y33          FDRE                                         r  reg_hex_reg[9]/D
  -------------------------------------------------------------------    -------------------

                         (clock sys_clk_pin rise edge)
                                                      0.000     0.000 r  
    D13                                               0.000     0.000 r  clk (IN)
                         net (fo=0)                   0.000     0.000    clk
    D13                  IBUF (Prop_ibuf_I_O)         0.843     0.843 r  clk_IBUF_inst/O
                         net (fo=1, routed)           1.862     2.705    clk_IBUF
    BUFGCTRL_X0Y16       BUFG (Prop_bufg_I_O)         0.091     2.796 r  clk_IBUF_BUFG_inst/O
                         net (fo=49, routed)          1.507     4.304    clk_IBUF_BUFG
    SLICE_X1Y33          FDRE                                         r  reg_hex_reg[9]/C

Slack:                    inf
  Source:                 mips_top/mips/dp/pc_reg/q_reg[2]/C
                            (rising edge-triggered cell FDCE)
  Destination:            reg_hex_reg[0]/D
                            (rising edge-triggered cell FDRE clocked by sys_clk_pin  {rise@0.000ns fall@5.000ns period=10.000ns})
  Path Group:             (none)
  Path Type:              Setup (Max at Slow Process Corner)
  Data Path Delay:        15.762ns  (logic 2.870ns (18.208%)  route 12.892ns (81.792%))
  Logic Levels:           13  (CARRY4=5 FDCE=1 LUT3=1 LUT5=1 LUT6=4 RAMD32=1)
  Clock Uncertainty:      0.025ns  ((TSJ^2 + TIJ^2)^1/2 + DJ) / 2 + PE
    Total System Jitter     (TSJ):    0.050ns
    Total Input Jitter      (TIJ):    0.000ns
    Discrete Jitter          (DJ):    0.000ns
    Phase Error              (PE):    0.000ns

    Location             Delay type                Incr(ns)  Path(ns)    Netlist Resource(s)
  -------------------------------------------------------------------    -------------------
    SLICE_X6Y29          FDCE                         0.000     0.000 r  mips_top/mips/dp/pc_reg/q_reg[2]/C
    SLICE_X6Y29          FDCE (Prop_fdce_C_Q)         0.518     0.518 r  mips_top/mips/dp/pc_reg/q_reg[2]/Q
                         net (fo=114, routed)         5.032     5.550    mips_top/mips/dp/pc_reg/Q[0]
    SLICE_X7Y39          LUT5 (Prop_lut5_I3_O)        0.124     5.674 r  mips_top/mips/dp/pc_reg/rf_reg_r2_0_31_0_5_i_3/O
                         net (fo=33, routed)          2.094     7.768    mips_top/mips/dp/rf/rf_reg_r2_0_31_0_5/ADDRA0
    SLICE_X8Y31          RAMD32 (Prop_ramd32_RADR0_O)
                                                      0.150     7.918 r  mips_top/mips/dp/rf/rf_reg_r2_0_31_0_5/RAMA/O
                         net (fo=3, routed)           0.994     8.912    mips_top/mips/dp/pc_reg/rd20[0]
    SLICE_X9Y30          LUT6 (Prop_lut6_I5_O)        0.328     9.240 r  mips_top/mips/dp/pc_reg/i__carry_i_13/O
                         net (fo=5, routed)           1.297    10.537    mips_top/mips/dp/pc_reg/q_reg[3]_0[0]
    SLICE_X12Y32         LUT3 (Prop_lut3_I0_O)        0.124    10.661 r  mips_top/mips/dp/pc_reg/i__carry_i_8/O
                         net (fo=1, routed)           0.000    10.661    mips_top/mips/dp/alu/S[0]
    SLICE_X12Y32         CARRY4 (Prop_carry4_S[0]_CO[3])
                                                      0.513    11.174 r  mips_top/mips/dp/alu/y0_inferred__2/i__carry/CO[3]
                         net (fo=1, routed)           0.000    11.174    mips_top/mips/dp/alu/y0_inferred__2/i__carry_n_0
    SLICE_X12Y33         CARRY4 (Prop_carry4_CI_CO[3])
                                                      0.117    11.291 r  mips_top/mips/dp/alu/y0_inferred__2/i__carry__0/CO[3]
                         net (fo=1, routed)           0.000    11.291    mips_top/mips/dp/alu/y0_inferred__2/i__carry__0_n_0
    SLICE_X12Y34         CARRY4 (Prop_carry4_CI_CO[3])
                                                      0.117    11.408 r  mips_top/mips/dp/alu/y0_inferred__2/i__carry__1/CO[3]
                         net (fo=1, routed)           0.000    11.408    mips_top/mips/dp/alu/y0_inferred__2/i__carry__1_n_0
    SLICE_X12Y35         CARRY4 (Prop_carry4_CI_CO[3])
                                                      0.117    11.525 r  mips_top/mips/dp/alu/y0_inferred__2/i__carry__2/CO[3]
                         net (fo=1, routed)           0.000    11.525    mips_top/mips/dp/alu/y0_inferred__2/i__carry__2_n_0
    SLICE_X12Y36         CARRY4 (Prop_carry4_CI_O[0])
                                                      0.219    11.744 r  mips_top/mips/dp/alu/y0_inferred__2/i__carry__3/O[0]
                         net (fo=1, routed)           0.981    12.725    mips_top/mips/dp/pc_reg/y_carry_i_7_0[15]
    SLICE_X9Y36          LUT6 (Prop_lut6_I3_O)        0.295    13.020 r  mips_top/mips/dp/pc_reg/rf_reg_r1_0_31_12_17_i_12/O
                         net (fo=3, routed)           1.165    14.185    mips_top/mips/dp/pc_reg/rf_reg_r1_0_31_12_17_i_12_n_0
    SLICE_X9Y31          LUT6 (Prop_lut6_I1_O)        0.124    14.309 r  mips_top/mips/dp/pc_reg/reg_hex[0]_i_4/O
                         net (fo=1, routed)           1.330    15.638    mips_top/mips/dp/pc_reg/reg_hex[0]_i_4_n_0
    SLICE_X1Y34          LUT6 (Prop_lut6_I4_O)        0.124    15.762 r  mips_top/mips/dp/pc_reg/reg_hex[0]_i_1/O
                         net (fo=1, routed)           0.000    15.762    reg_hex[0]
    SLICE_X1Y34          FDRE                                         r  reg_hex_reg[0]/D
  -------------------------------------------------------------------    -------------------

                         (clock sys_clk_pin rise edge)
                                                      0.000     0.000 r  
    D13                                               0.000     0.000 r  clk (IN)
                         net (fo=0)                   0.000     0.000    clk
    D13                  IBUF (Prop_ibuf_I_O)         0.843     0.843 r  clk_IBUF_inst/O
                         net (fo=1, routed)           1.862     2.705    clk_IBUF
    BUFGCTRL_X0Y16       BUFG (Prop_bufg_I_O)         0.091     2.796 r  clk_IBUF_BUFG_inst/O
                         net (fo=49, routed)          1.508     4.305    clk_IBUF_BUFG
    SLICE_X1Y34          FDRE                                         r  reg_hex_reg[0]/C

Slack:                    inf
  Source:                 mips_top/mips/dp/pc_reg/q_reg[2]/C
                            (rising edge-triggered cell FDCE)
  Destination:            reg_hex_reg[3]/D
                            (rising edge-triggered cell FDRE clocked by sys_clk_pin  {rise@0.000ns fall@5.000ns period=10.000ns})
  Path Group:             (none)
  Path Type:              Setup (Max at Slow Process Corner)
  Data Path Delay:        15.755ns  (logic 2.978ns (18.902%)  route 12.777ns (81.098%))
  Logic Levels:           13  (CARRY4=5 FDCE=1 LUT3=1 LUT5=2 LUT6=3 RAMD32=1)
  Clock Uncertainty:      0.025ns  ((TSJ^2 + TIJ^2)^1/2 + DJ) / 2 + PE
    Total System Jitter     (TSJ):    0.050ns
    Total Input Jitter      (TIJ):    0.000ns
    Discrete Jitter          (DJ):    0.000ns
    Phase Error              (PE):    0.000ns

    Location             Delay type                Incr(ns)  Path(ns)    Netlist Resource(s)
  -------------------------------------------------------------------    -------------------
    SLICE_X6Y29          FDCE                         0.000     0.000 r  mips_top/mips/dp/pc_reg/q_reg[2]/C
    SLICE_X6Y29          FDCE (Prop_fdce_C_Q)         0.518     0.518 r  mips_top/mips/dp/pc_reg/q_reg[2]/Q
                         net (fo=114, routed)         5.032     5.550    mips_top/mips/dp/pc_reg/Q[0]
    SLICE_X7Y39          LUT5 (Prop_lut5_I3_O)        0.124     5.674 r  mips_top/mips/dp/pc_reg/rf_reg_r2_0_31_0_5_i_3/O
                         net (fo=33, routed)          2.094     7.768    mips_top/mips/dp/rf/rf_reg_r2_0_31_0_5/ADDRA0
    SLICE_X8Y31          RAMD32 (Prop_ramd32_RADR0_O)
                                                      0.150     7.918 r  mips_top/mips/dp/rf/rf_reg_r2_0_31_0_5/RAMA/O
                         net (fo=3, routed)           0.994     8.912    mips_top/mips/dp/pc_reg/rd20[0]
    SLICE_X9Y30          LUT6 (Prop_lut6_I5_O)        0.328     9.240 r  mips_top/mips/dp/pc_reg/i__carry_i_13/O
                         net (fo=5, routed)           1.297    10.537    mips_top/mips/dp/pc_reg/q_reg[3]_0[0]
    SLICE_X12Y32         LUT3 (Prop_lut3_I0_O)        0.124    10.661 r  mips_top/mips/dp/pc_reg/i__carry_i_8/O
                         net (fo=1, routed)           0.000    10.661    mips_top/mips/dp/alu/S[0]
    SLICE_X12Y32         CARRY4 (Prop_carry4_S[0]_CO[3])
                                                      0.513    11.174 r  mips_top/mips/dp/alu/y0_inferred__2/i__carry/CO[3]
                         net (fo=1, routed)           0.000    11.174    mips_top/mips/dp/alu/y0_inferred__2/i__carry_n_0
    SLICE_X12Y33         CARRY4 (Prop_carry4_CI_CO[3])
                                                      0.117    11.291 r  mips_top/mips/dp/alu/y0_inferred__2/i__carry__0/CO[3]
                         net (fo=1, routed)           0.000    11.291    mips_top/mips/dp/alu/y0_inferred__2/i__carry__0_n_0
    SLICE_X12Y34         CARRY4 (Prop_carry4_CI_CO[3])
                                                      0.117    11.408 r  mips_top/mips/dp/alu/y0_inferred__2/i__carry__1/CO[3]
                         net (fo=1, routed)           0.000    11.408    mips_top/mips/dp/alu/y0_inferred__2/i__carry__1_n_0
    SLICE_X12Y35         CARRY4 (Prop_carry4_CI_CO[3])
                                                      0.117    11.525 r  mips_top/mips/dp/alu/y0_inferred__2/i__carry__2/CO[3]
                         net (fo=1, routed)           0.000    11.525    mips_top/mips/dp/alu/y0_inferred__2/i__carry__2_n_0
    SLICE_X12Y36         CARRY4 (Prop_carry4_CI_O[3])
                                                      0.315    11.840 r  mips_top/mips/dp/alu/y0_inferred__2/i__carry__3/O[3]
                         net (fo=1, routed)           1.002    12.842    mips_top/mips/dp/pc_reg/y_carry_i_7_0[18]
    SLICE_X14Y36         LUT6 (Prop_lut6_I3_O)        0.307    13.149 r  mips_top/mips/dp/pc_reg/rf_reg_r1_0_31_18_23_i_7/O
                         net (fo=3, routed)           1.233    14.382    mips_top/mips/dp/pc_reg/rf_reg_r1_0_31_18_23_i_7_n_0
    SLICE_X7Y36          LUT6 (Prop_lut6_I5_O)        0.124    14.506 r  mips_top/mips/dp/pc_reg/reg_hex[3]_i_3/O
                         net (fo=1, routed)           1.125    15.631    mips_top/mips/dp/pc_reg/reg_hex[3]_i_3_n_0
    SLICE_X0Y33          LUT5 (Prop_lut5_I3_O)        0.124    15.755 r  mips_top/mips/dp/pc_reg/reg_hex[3]_i_1/O
                         net (fo=1, routed)           0.000    15.755    reg_hex[3]
    SLICE_X0Y33          FDRE                                         r  reg_hex_reg[3]/D
  -------------------------------------------------------------------    -------------------

                         (clock sys_clk_pin rise edge)
                                                      0.000     0.000 r  
    D13                                               0.000     0.000 r  clk (IN)
                         net (fo=0)                   0.000     0.000    clk
    D13                  IBUF (Prop_ibuf_I_O)         0.843     0.843 r  clk_IBUF_inst/O
                         net (fo=1, routed)           1.862     2.705    clk_IBUF
    BUFGCTRL_X0Y16       BUFG (Prop_bufg_I_O)         0.091     2.796 r  clk_IBUF_BUFG_inst/O
                         net (fo=49, routed)          1.507     4.304    clk_IBUF_BUFG
    SLICE_X0Y33          FDRE                                         r  reg_hex_reg[3]/C

Slack:                    inf
  Source:                 mips_top/mips/dp/pc_reg/q_reg[2]/C
                            (rising edge-triggered cell FDCE)
  Destination:            reg_hex_reg[6]/D
                            (rising edge-triggered cell FDRE clocked by sys_clk_pin  {rise@0.000ns fall@5.000ns period=10.000ns})
  Path Group:             (none)
  Path Type:              Setup (Max at Slow Process Corner)
  Data Path Delay:        15.637ns  (logic 2.545ns (16.275%)  route 13.092ns (83.725%))
  Logic Levels:           10  (CARRY4=2 FDCE=1 LUT3=1 LUT5=2 LUT6=3 RAMD32=1)
  Clock Uncertainty:      0.025ns  ((TSJ^2 + TIJ^2)^1/2 + DJ) / 2 + PE
    Total System Jitter     (TSJ):    0.050ns
    Total Input Jitter      (TIJ):    0.000ns
    Discrete Jitter          (DJ):    0.000ns
    Phase Error              (PE):    0.000ns

    Location             Delay type                Incr(ns)  Path(ns)    Netlist Resource(s)
  -------------------------------------------------------------------    -------------------
    SLICE_X6Y29          FDCE                         0.000     0.000 r  mips_top/mips/dp/pc_reg/q_reg[2]/C
    SLICE_X6Y29          FDCE (Prop_fdce_C_Q)         0.518     0.518 r  mips_top/mips/dp/pc_reg/q_reg[2]/Q
                         net (fo=114, routed)         5.032     5.550    mips_top/mips/dp/pc_reg/Q[0]
    SLICE_X7Y39          LUT5 (Prop_lut5_I3_O)        0.124     5.674 r  mips_top/mips/dp/pc_reg/rf_reg_r2_0_31_0_5_i_3/O
                         net (fo=33, routed)          2.094     7.768    mips_top/mips/dp/rf/rf_reg_r2_0_31_0_5/ADDRA0
    SLICE_X8Y31          RAMD32 (Prop_ramd32_RADR0_O)
                                                      0.150     7.918 r  mips_top/mips/dp/rf/rf_reg_r2_0_31_0_5/RAMA/O
                         net (fo=3, routed)           0.994     8.912    mips_top/mips/dp/pc_reg/rd20[0]
    SLICE_X9Y30          LUT6 (Prop_lut6_I5_O)        0.328     9.240 r  mips_top/mips/dp/pc_reg/i__carry_i_13/O
                         net (fo=5, routed)           1.297    10.537    mips_top/mips/dp/pc_reg/q_reg[3]_0[0]
    SLICE_X12Y32         LUT3 (Prop_lut3_I0_O)        0.124    10.661 r  mips_top/mips/dp/pc_reg/i__carry_i_8/O
                         net (fo=1, routed)           0.000    10.661    mips_top/mips/dp/alu/S[0]
    SLICE_X12Y32         CARRY4 (Prop_carry4_S[0]_CO[3])
                                                      0.513    11.174 r  mips_top/mips/dp/alu/y0_inferred__2/i__carry/CO[3]
                         net (fo=1, routed)           0.000    11.174    mips_top/mips/dp/alu/y0_inferred__2/i__carry_n_0
    SLICE_X12Y33         CARRY4 (Prop_carry4_CI_O[2])
                                                      0.239    11.413 r  mips_top/mips/dp/alu/y0_inferred__2/i__carry__0/O[2]
                         net (fo=1, routed)           0.967    12.380    mips_top/mips/dp/pc_reg/y_carry_i_7_0[5]
    SLICE_X10Y32         LUT5 (Prop_lut5_I2_O)        0.301    12.681 r  mips_top/mips/dp/pc_reg/ram_reg_0_63_0_0_i_6/O
                         net (fo=35, routed)          1.914    14.595    mips_top/mips/dp/pc_reg/q_reg[4]_4[1]
    SLICE_X7Y37          LUT6 (Prop_lut6_I4_O)        0.124    14.719 r  mips_top/mips/dp/pc_reg/reg_hex[6]_i_4/O
                         net (fo=1, routed)           0.795    15.513    mips_top/mips/dp/pc_reg/reg_hex[6]_i_4_n_0
    SLICE_X3Y38          LUT6 (Prop_lut6_I4_O)        0.124    15.637 r  mips_top/mips/dp/pc_reg/reg_hex[6]_i_1/O
                         net (fo=1, routed)           0.000    15.637    reg_hex[6]
    SLICE_X3Y38          FDRE                                         r  reg_hex_reg[6]/D
  -------------------------------------------------------------------    -------------------

                         (clock sys_clk_pin rise edge)
                                                      0.000     0.000 r  
    D13                                               0.000     0.000 r  clk (IN)
                         net (fo=0)                   0.000     0.000    clk
    D13                  IBUF (Prop_ibuf_I_O)         0.843     0.843 r  clk_IBUF_inst/O
                         net (fo=1, routed)           1.862     2.705    clk_IBUF
    BUFGCTRL_X0Y16       BUFG (Prop_bufg_I_O)         0.091     2.796 r  clk_IBUF_BUFG_inst/O
                         net (fo=49, routed)          1.511     4.308    clk_IBUF_BUFG
    SLICE_X3Y38          FDRE                                         r  reg_hex_reg[6]/C

Slack:                    inf
  Source:                 mips_top/mips/dp/pc_reg/q_reg[2]/C
                            (rising edge-triggered cell FDCE)
  Destination:            reg_hex_reg[8]/D
                            (rising edge-triggered cell FDRE clocked by sys_clk_pin  {rise@0.000ns fall@5.000ns period=10.000ns})
  Path Group:             (none)
  Path Type:              Setup (Max at Slow Process Corner)
  Data Path Delay:        15.323ns  (logic 3.104ns (20.257%)  route 12.219ns (79.743%))
  Logic Levels:           15  (CARRY4=7 FDCE=1 LUT3=1 LUT5=2 LUT6=3 RAMD32=1)
  Clock Uncertainty:      0.025ns  ((TSJ^2 + TIJ^2)^1/2 + DJ) / 2 + PE
    Total System Jitter     (TSJ):    0.050ns
    Total Input Jitter      (TIJ):    0.000ns
    Discrete Jitter          (DJ):    0.000ns
    Phase Error              (PE):    0.000ns

    Location             Delay type                Incr(ns)  Path(ns)    Netlist Resource(s)
  -------------------------------------------------------------------    -------------------
    SLICE_X6Y29          FDCE                         0.000     0.000 r  mips_top/mips/dp/pc_reg/q_reg[2]/C
    SLICE_X6Y29          FDCE (Prop_fdce_C_Q)         0.518     0.518 r  mips_top/mips/dp/pc_reg/q_reg[2]/Q
                         net (fo=114, routed)         5.032     5.550    mips_top/mips/dp/pc_reg/Q[0]
    SLICE_X7Y39          LUT5 (Prop_lut5_I3_O)        0.124     5.674 r  mips_top/mips/dp/pc_reg/rf_reg_r2_0_31_0_5_i_3/O
                         net (fo=33, routed)          2.094     7.768    mips_top/mips/dp/rf/rf_reg_r2_0_31_0_5/ADDRA0
    SLICE_X8Y31          RAMD32 (Prop_ramd32_RADR0_O)
                                                      0.150     7.918 r  mips_top/mips/dp/rf/rf_reg_r2_0_31_0_5/RAMA/O
                         net (fo=3, routed)           0.994     8.912    mips_top/mips/dp/pc_reg/rd20[0]
    SLICE_X9Y30          LUT6 (Prop_lut6_I5_O)        0.328     9.240 r  mips_top/mips/dp/pc_reg/i__carry_i_13/O
                         net (fo=5, routed)           1.297    10.537    mips_top/mips/dp/pc_reg/q_reg[3]_0[0]
    SLICE_X12Y32         LUT3 (Prop_lut3_I0_O)        0.124    10.661 r  mips_top/mips/dp/pc_reg/i__carry_i_8/O
                         net (fo=1, routed)           0.000    10.661    mips_top/mips/dp/alu/S[0]
    SLICE_X12Y32         CARRY4 (Prop_carry4_S[0]_CO[3])
                                                      0.513    11.174 r  mips_top/mips/dp/alu/y0_inferred__2/i__carry/CO[3]
                         net (fo=1, routed)           0.000    11.174    mips_top/mips/dp/alu/y0_inferred__2/i__carry_n_0
    SLICE_X12Y33         CARRY4 (Prop_carry4_CI_CO[3])
                                                      0.117    11.291 r  mips_top/mips/dp/alu/y0_inferred__2/i__carry__0/CO[3]
                         net (fo=1, routed)           0.000    11.291    mips_top/mips/dp/alu/y0_inferred__2/i__carry__0_n_0
    SLICE_X12Y34         CARRY4 (Prop_carry4_CI_CO[3])
                                                      0.117    11.408 r  mips_top/mips/dp/alu/y0_inferred__2/i__carry__1/CO[3]
                         net (fo=1, routed)           0.000    11.408    mips_top/mips/dp/alu/y0_inferred__2/i__carry__1_n_0
    SLICE_X12Y35         CARRY4 (Prop_carry4_CI_CO[3])
                                                      0.117    11.525 r  mips_top/mips/dp/alu/y0_inferred__2/i__carry__2/CO[3]
                         net (fo=1, routed)           0.000    11.525    mips_top/mips/dp/alu/y0_inferred__2/i__carry__2_n_0
    SLICE_X12Y36         CARRY4 (Prop_carry4_CI_CO[3])
                                                      0.117    11.642 r  mips_top/mips/dp/alu/y0_inferred__2/i__carry__3/CO[3]
                         net (fo=1, routed)           0.000    11.642    mips_top/mips/dp/alu/y0_inferred__2/i__carry__3_n_0
    SLICE_X12Y37         CARRY4 (Prop_carry4_CI_CO[3])
                                                      0.117    11.759 r  mips_top/mips/dp/alu/y0_inferred__2/i__carry__4/CO[3]
                         net (fo=1, routed)           0.000    11.759    mips_top/mips/dp/alu/y0_inferred__2/i__carry__4_n_0
    SLICE_X12Y38         CARRY4 (Prop_carry4_CI_O[0])
                                                      0.219    11.978 r  mips_top/mips/dp/alu/y0_inferred__2/i__carry__5/O[0]
                         net (fo=1, routed)           0.685    12.664    mips_top/mips/dp/pc_reg/y_carry_i_7_0[23]
    SLICE_X13Y38         LUT6 (Prop_lut6_I3_O)        0.295    12.959 r  mips_top/mips/dp/pc_reg/rf_reg_r1_0_31_24_29_i_8/O
                         net (fo=3, routed)           1.177    14.136    mips_top/mips/dp/pc_reg/rf_reg_r1_0_31_24_29_i_8_n_0
    SLICE_X7Y32          LUT6 (Prop_lut6_I5_O)        0.124    14.260 r  mips_top/mips/dp/pc_reg/reg_hex[8]_i_3/O
                         net (fo=1, routed)           0.939    15.199    mips_top/mips/dp/pc_reg/reg_hex[8]_i_3_n_0
    SLICE_X3Y33          LUT5 (Prop_lut5_I3_O)        0.124    15.323 r  mips_top/mips/dp/pc_reg/reg_hex[8]_i_1/O
                         net (fo=1, routed)           0.000    15.323    reg_hex[8]
    SLICE_X3Y33          FDRE                                         r  reg_hex_reg[8]/D
  -------------------------------------------------------------------    -------------------

                         (clock sys_clk_pin rise edge)
                                                      0.000     0.000 r  
    D13                                               0.000     0.000 r  clk (IN)
                         net (fo=0)                   0.000     0.000    clk
    D13                  IBUF (Prop_ibuf_I_O)         0.843     0.843 r  clk_IBUF_inst/O
                         net (fo=1, routed)           1.862     2.705    clk_IBUF
    BUFGCTRL_X0Y16       BUFG (Prop_bufg_I_O)         0.091     2.796 r  clk_IBUF_BUFG_inst/O
                         net (fo=49, routed)          1.507     4.304    clk_IBUF_BUFG
    SLICE_X3Y33          FDRE                                         r  reg_hex_reg[8]/C

Slack:                    inf
  Source:                 mips_top/mips/dp/pc_reg/q_reg[2]/C
                            (rising edge-triggered cell FDCE)
  Destination:            reg_hex_reg[5]/D
                            (rising edge-triggered cell FDRE clocked by sys_clk_pin  {rise@0.000ns fall@5.000ns period=10.000ns})
  Path Group:             (none)
  Path Type:              Setup (Max at Slow Process Corner)
  Data Path Delay:        15.179ns  (logic 2.634ns (17.353%)  route 12.545ns (82.647%))
  Logic Levels:           10  (CARRY4=2 FDCE=1 LUT3=1 LUT5=2 LUT6=3 RAMD32=1)
  Clock Uncertainty:      0.025ns  ((TSJ^2 + TIJ^2)^1/2 + DJ) / 2 + PE
    Total System Jitter     (TSJ):    0.050ns
    Total Input Jitter      (TIJ):    0.000ns
    Discrete Jitter          (DJ):    0.000ns
    Phase Error              (PE):    0.000ns

    Location             Delay type                Incr(ns)  Path(ns)    Netlist Resource(s)
  -------------------------------------------------------------------    -------------------
    SLICE_X6Y29          FDCE                         0.000     0.000 r  mips_top/mips/dp/pc_reg/q_reg[2]/C
    SLICE_X6Y29          FDCE (Prop_fdce_C_Q)         0.518     0.518 r  mips_top/mips/dp/pc_reg/q_reg[2]/Q
                         net (fo=114, routed)         5.032     5.550    mips_top/mips/dp/pc_reg/Q[0]
    SLICE_X7Y39          LUT5 (Prop_lut5_I3_O)        0.124     5.674 r  mips_top/mips/dp/pc_reg/rf_reg_r2_0_31_0_5_i_3/O
                         net (fo=33, routed)          2.094     7.768    mips_top/mips/dp/rf/rf_reg_r2_0_31_0_5/ADDRA0
    SLICE_X8Y31          RAMD32 (Prop_ramd32_RADR0_O)
                                                      0.150     7.918 r  mips_top/mips/dp/rf/rf_reg_r2_0_31_0_5/RAMA/O
                         net (fo=3, routed)           0.994     8.912    mips_top/mips/dp/pc_reg/rd20[0]
    SLICE_X9Y30          LUT6 (Prop_lut6_I5_O)        0.328     9.240 r  mips_top/mips/dp/pc_reg/i__carry_i_13/O
                         net (fo=5, routed)           1.297    10.537    mips_top/mips/dp/pc_reg/q_reg[3]_0[0]
    SLICE_X12Y32         LUT3 (Prop_lut3_I0_O)        0.124    10.661 r  mips_top/mips/dp/pc_reg/i__carry_i_8/O
                         net (fo=1, routed)           0.000    10.661    mips_top/mips/dp/alu/S[0]
    SLICE_X12Y32         CARRY4 (Prop_carry4_S[0]_CO[3])
                                                      0.513    11.174 r  mips_top/mips/dp/alu/y0_inferred__2/i__carry/CO[3]
                         net (fo=1, routed)           0.000    11.174    mips_top/mips/dp/alu/y0_inferred__2/i__carry_n_0
    SLICE_X12Y33         CARRY4 (Prop_carry4_CI_O[1])
                                                      0.323    11.497 r  mips_top/mips/dp/alu/y0_inferred__2/i__carry__0/O[1]
                         net (fo=1, routed)           0.671    12.169    mips_top/mips/dp/pc_reg/y_carry_i_7_0[4]
    SLICE_X12Y31         LUT5 (Prop_lut5_I2_O)        0.306    12.475 r  mips_top/mips/dp/pc_reg/ram_reg_0_63_0_0_i_5/O
                         net (fo=35, routed)          1.770    14.245    mips_top/mips/dp/pc_reg/q_reg[4]_4[0]
    SLICE_X8Y37          LUT6 (Prop_lut6_I4_O)        0.124    14.369 r  mips_top/mips/dp/pc_reg/reg_hex[5]_i_4/O
                         net (fo=1, routed)           0.686    15.055    mips_top/mips/dp/pc_reg/reg_hex[5]_i_4_n_0
    SLICE_X2Y38          LUT6 (Prop_lut6_I4_O)        0.124    15.179 r  mips_top/mips/dp/pc_reg/reg_hex[5]_i_1/O
                         net (fo=1, routed)           0.000    15.179    reg_hex[5]
    SLICE_X2Y38          FDRE                                         r  reg_hex_reg[5]/D
  -------------------------------------------------------------------    -------------------

                         (clock sys_clk_pin rise edge)
                                                      0.000     0.000 r  
    D13                                               0.000     0.000 r  clk (IN)
                         net (fo=0)                   0.000     0.000    clk
    D13                  IBUF (Prop_ibuf_I_O)         0.843     0.843 r  clk_IBUF_inst/O
                         net (fo=1, routed)           1.862     2.705    clk_IBUF
    BUFGCTRL_X0Y16       BUFG (Prop_bufg_I_O)         0.091     2.796 r  clk_IBUF_BUFG_inst/O
                         net (fo=49, routed)          1.511     4.308    clk_IBUF_BUFG
    SLICE_X2Y38          FDRE                                         r  reg_hex_reg[5]/C

Slack:                    inf
  Source:                 mips_top/mips/dp/pc_reg/q_reg[2]/C
                            (rising edge-triggered cell FDCE)
  Destination:            reg_hex_reg[2]/D
                            (rising edge-triggered cell FDRE clocked by sys_clk_pin  {rise@0.000ns fall@5.000ns period=10.000ns})
  Path Group:             (none)
  Path Type:              Setup (Max at Slow Process Corner)
  Data Path Delay:        15.149ns  (logic 2.896ns (19.116%)  route 12.253ns (80.884%))
  Logic Levels:           13  (CARRY4=5 FDCE=1 LUT3=1 LUT5=1 LUT6=4 RAMD32=1)
  Clock Uncertainty:      0.025ns  ((TSJ^2 + TIJ^2)^1/2 + DJ) / 2 + PE
    Total System Jitter     (TSJ):    0.050ns
    Total Input Jitter      (TIJ):    0.000ns
    Discrete Jitter          (DJ):    0.000ns
    Phase Error              (PE):    0.000ns

    Location             Delay type                Incr(ns)  Path(ns)    Netlist Resource(s)
  -------------------------------------------------------------------    -------------------
    SLICE_X6Y29          FDCE                         0.000     0.000 r  mips_top/mips/dp/pc_reg/q_reg[2]/C
    SLICE_X6Y29          FDCE (Prop_fdce_C_Q)         0.518     0.518 r  mips_top/mips/dp/pc_reg/q_reg[2]/Q
                         net (fo=114, routed)         5.032     5.550    mips_top/mips/dp/pc_reg/Q[0]
    SLICE_X7Y39          LUT5 (Prop_lut5_I3_O)        0.124     5.674 r  mips_top/mips/dp/pc_reg/rf_reg_r2_0_31_0_5_i_3/O
                         net (fo=33, routed)          2.094     7.768    mips_top/mips/dp/rf/rf_reg_r2_0_31_0_5/ADDRA0
    SLICE_X8Y31          RAMD32 (Prop_ramd32_RADR0_O)
                                                      0.150     7.918 r  mips_top/mips/dp/rf/rf_reg_r2_0_31_0_5/RAMA/O
                         net (fo=3, routed)           0.994     8.912    mips_top/mips/dp/pc_reg/rd20[0]
    SLICE_X9Y30          LUT6 (Prop_lut6_I5_O)        0.328     9.240 r  mips_top/mips/dp/pc_reg/i__carry_i_13/O
                         net (fo=5, routed)           1.297    10.537    mips_top/mips/dp/pc_reg/q_reg[3]_0[0]
    SLICE_X12Y32         LUT3 (Prop_lut3_I0_O)        0.124    10.661 r  mips_top/mips/dp/pc_reg/i__carry_i_8/O
                         net (fo=1, routed)           0.000    10.661    mips_top/mips/dp/alu/S[0]
    SLICE_X12Y32         CARRY4 (Prop_carry4_S[0]_CO[3])
                                                      0.513    11.174 r  mips_top/mips/dp/alu/y0_inferred__2/i__carry/CO[3]
                         net (fo=1, routed)           0.000    11.174    mips_top/mips/dp/alu/y0_inferred__2/i__carry_n_0
    SLICE_X12Y33         CARRY4 (Prop_carry4_CI_CO[3])
                                                      0.117    11.291 r  mips_top/mips/dp/alu/y0_inferred__2/i__carry__0/CO[3]
                         net (fo=1, routed)           0.000    11.291    mips_top/mips/dp/alu/y0_inferred__2/i__carry__0_n_0
    SLICE_X12Y34         CARRY4 (Prop_carry4_CI_CO[3])
                                                      0.117    11.408 r  mips_top/mips/dp/alu/y0_inferred__2/i__carry__1/CO[3]
                         net (fo=1, routed)           0.000    11.408    mips_top/mips/dp/alu/y0_inferred__2/i__carry__1_n_0
    SLICE_X12Y35         CARRY4 (Prop_carry4_CI_CO[3])
                                                      0.117    11.525 r  mips_top/mips/dp/alu/y0_inferred__2/i__carry__2/CO[3]
                         net (fo=1, routed)           0.000    11.525    mips_top/mips/dp/alu/y0_inferred__2/i__carry__2_n_0
    SLICE_X12Y36         CARRY4 (Prop_carry4_CI_O[2])
                                                      0.239    11.764 r  mips_top/mips/dp/alu/y0_inferred__2/i__carry__3/O[2]
                         net (fo=1, routed)           0.501    12.265    mips_top/mips/dp/pc_reg/y_carry_i_7_0[17]
    SLICE_X13Y36         LUT6 (Prop_lut6_I3_O)        0.301    12.566 r  mips_top/mips/dp/pc_reg/rf_reg_r1_0_31_18_23_i_8/O
                         net (fo=3, routed)           1.162    13.729    mips_top/mips/dp/pc_reg/rf_reg_r1_0_31_18_23_i_8_n_0
    SLICE_X8Y34          LUT6 (Prop_lut6_I5_O)        0.124    13.853 r  mips_top/mips/dp/pc_reg/reg_hex[2]_i_4/O
                         net (fo=1, routed)           1.173    15.025    mips_top/mips/dp/pc_reg/reg_hex[2]_i_4_n_0
    SLICE_X3Y34          LUT6 (Prop_lut6_I4_O)        0.124    15.149 r  mips_top/mips/dp/pc_reg/reg_hex[2]_i_1/O
                         net (fo=1, routed)           0.000    15.149    reg_hex[2]
    SLICE_X3Y34          FDRE                                         r  reg_hex_reg[2]/D
  -------------------------------------------------------------------    -------------------

                         (clock sys_clk_pin rise edge)
                                                      0.000     0.000 r  
    D13                                               0.000     0.000 r  clk (IN)
                         net (fo=0)                   0.000     0.000    clk
    D13                  IBUF (Prop_ibuf_I_O)         0.843     0.843 r  clk_IBUF_inst/O
                         net (fo=1, routed)           1.862     2.705    clk_IBUF
    BUFGCTRL_X0Y16       BUFG (Prop_bufg_I_O)         0.091     2.796 r  clk_IBUF_BUFG_inst/O
                         net (fo=49, routed)          1.508     4.305    clk_IBUF_BUFG
    SLICE_X3Y34          FDRE                                         r  reg_hex_reg[2]/C

Slack:                    inf
  Source:                 mips_top/mips/dp/pc_reg/q_reg[2]/C
                            (rising edge-triggered cell FDCE)
  Destination:            reg_hex_reg[4]/D
                            (rising edge-triggered cell FDRE clocked by sys_clk_pin  {rise@0.000ns fall@5.000ns period=10.000ns})
  Path Group:             (none)
  Path Type:              Setup (Max at Slow Process Corner)
  Data Path Delay:        15.113ns  (logic 2.987ns (19.765%)  route 12.126ns (80.235%))
  Logic Levels:           14  (CARRY4=6 FDCE=1 LUT3=1 LUT5=2 LUT6=3 RAMD32=1)
  Clock Uncertainty:      0.025ns  ((TSJ^2 + TIJ^2)^1/2 + DJ) / 2 + PE
    Total System Jitter     (TSJ):    0.050ns
    Total Input Jitter      (TIJ):    0.000ns
    Discrete Jitter          (DJ):    0.000ns
    Phase Error              (PE):    0.000ns

    Location             Delay type                Incr(ns)  Path(ns)    Netlist Resource(s)
  -------------------------------------------------------------------    -------------------
    SLICE_X6Y29          FDCE                         0.000     0.000 r  mips_top/mips/dp/pc_reg/q_reg[2]/C
    SLICE_X6Y29          FDCE (Prop_fdce_C_Q)         0.518     0.518 r  mips_top/mips/dp/pc_reg/q_reg[2]/Q
                         net (fo=114, routed)         5.032     5.550    mips_top/mips/dp/pc_reg/Q[0]
    SLICE_X7Y39          LUT5 (Prop_lut5_I3_O)        0.124     5.674 r  mips_top/mips/dp/pc_reg/rf_reg_r2_0_31_0_5_i_3/O
                         net (fo=33, routed)          2.094     7.768    mips_top/mips/dp/rf/rf_reg_r2_0_31_0_5/ADDRA0
    SLICE_X8Y31          RAMD32 (Prop_ramd32_RADR0_O)
                                                      0.150     7.918 r  mips_top/mips/dp/rf/rf_reg_r2_0_31_0_5/RAMA/O
                         net (fo=3, routed)           0.994     8.912    mips_top/mips/dp/pc_reg/rd20[0]
    SLICE_X9Y30          LUT6 (Prop_lut6_I5_O)        0.328     9.240 r  mips_top/mips/dp/pc_reg/i__carry_i_13/O
                         net (fo=5, routed)           1.297    10.537    mips_top/mips/dp/pc_reg/q_reg[3]_0[0]
    SLICE_X12Y32         LUT3 (Prop_lut3_I0_O)        0.124    10.661 r  mips_top/mips/dp/pc_reg/i__carry_i_8/O
                         net (fo=1, routed)           0.000    10.661    mips_top/mips/dp/alu/S[0]
    SLICE_X12Y32         CARRY4 (Prop_carry4_S[0]_CO[3])
                                                      0.513    11.174 r  mips_top/mips/dp/alu/y0_inferred__2/i__carry/CO[3]
                         net (fo=1, routed)           0.000    11.174    mips_top/mips/dp/alu/y0_inferred__2/i__carry_n_0
    SLICE_X12Y33         CARRY4 (Prop_carry4_CI_CO[3])
                                                      0.117    11.291 r  mips_top/mips/dp/alu/y0_inferred__2/i__carry__0/CO[3]
                         net (fo=1, routed)           0.000    11.291    mips_top/mips/dp/alu/y0_inferred__2/i__carry__0_n_0
    SLICE_X12Y34         CARRY4 (Prop_carry4_CI_CO[3])
                                                      0.117    11.408 r  mips_top/mips/dp/alu/y0_inferred__2/i__carry__1/CO[3]
                         net (fo=1, routed)           0.000    11.408    mips_top/mips/dp/alu/y0_inferred__2/i__carry__1_n_0
    SLICE_X12Y35         CARRY4 (Prop_carry4_CI_CO[3])
                                                      0.117    11.525 r  mips_top/mips/dp/alu/y0_inferred__2/i__carry__2/CO[3]
                         net (fo=1, routed)           0.000    11.525    mips_top/mips/dp/alu/y0_inferred__2/i__carry__2_n_0
    SLICE_X12Y36         CARRY4 (Prop_carry4_CI_CO[3])
                                                      0.117    11.642 r  mips_top/mips/dp/alu/y0_inferred__2/i__carry__3/CO[3]
                         net (fo=1, routed)           0.000    11.642    mips_top/mips/dp/alu/y0_inferred__2/i__carry__3_n_0
    SLICE_X12Y37         CARRY4 (Prop_carry4_CI_O[0])
                                                      0.219    11.861 r  mips_top/mips/dp/alu/y0_inferred__2/i__carry__4/O[0]
                         net (fo=1, routed)           0.685    12.547    mips_top/mips/dp/pc_reg/y_carry_i_7_0[19]
    SLICE_X13Y37         LUT6 (Prop_lut6_I3_O)        0.295    12.842 r  mips_top/mips/dp/pc_reg/rf_reg_r1_0_31_18_23_i_10/O
                         net (fo=3, routed)           1.121    13.963    mips_top/mips/dp/pc_reg/rf_reg_r1_0_31_18_23_i_10_n_0
    SLICE_X8Y36          LUT6 (Prop_lut6_I5_O)        0.124    14.087 r  mips_top/mips/dp/pc_reg/reg_hex[4]_i_3/O
                         net (fo=1, routed)           0.902    14.989    mips_top/mips/dp/pc_reg/reg_hex[4]_i_3_n_0
    SLICE_X3Y36          LUT5 (Prop_lut5_I3_O)        0.124    15.113 r  mips_top/mips/dp/pc_reg/reg_hex[4]_i_1/O
                         net (fo=1, routed)           0.000    15.113    reg_hex[4]
    SLICE_X3Y36          FDRE                                         r  reg_hex_reg[4]/D
  -------------------------------------------------------------------    -------------------

                         (clock sys_clk_pin rise edge)
                                                      0.000     0.000 r  
    D13                                               0.000     0.000 r  clk (IN)
                         net (fo=0)                   0.000     0.000    clk
    D13                  IBUF (Prop_ibuf_I_O)         0.843     0.843 r  clk_IBUF_inst/O
                         net (fo=1, routed)           1.862     2.705    clk_IBUF
    BUFGCTRL_X0Y16       BUFG (Prop_bufg_I_O)         0.091     2.796 r  clk_IBUF_BUFG_inst/O
                         net (fo=49, routed)          1.509     4.306    clk_IBUF_BUFG
    SLICE_X3Y36          FDRE                                         r  reg_hex_reg[4]/C

Slack:                    inf
  Source:                 mips_top/mips/dp/pc_reg/q_reg[2]/C
                            (rising edge-triggered cell FDCE)
  Destination:            reg_hex_reg[13]/D
                            (rising edge-triggered cell FDRE clocked by sys_clk_pin  {rise@0.000ns fall@5.000ns period=10.000ns})
  Path Group:             (none)
  Path Type:              Setup (Max at Slow Process Corner)
  Data Path Delay:        15.072ns  (logic 3.336ns (22.134%)  route 11.736ns (77.866%))
  Logic Levels:           16  (CARRY4=8 FDCE=1 LUT3=1 LUT5=1 LUT6=4 RAMD32=1)
  Clock Uncertainty:      0.025ns  ((TSJ^2 + TIJ^2)^1/2 + DJ) / 2 + PE
    Total System Jitter     (TSJ):    0.050ns
    Total Input Jitter      (TIJ):    0.000ns
    Discrete Jitter          (DJ):    0.000ns
    Phase Error              (PE):    0.000ns

    Location             Delay type                Incr(ns)  Path(ns)    Netlist Resource(s)
  -------------------------------------------------------------------    -------------------
    SLICE_X6Y29          FDCE                         0.000     0.000 r  mips_top/mips/dp/pc_reg/q_reg[2]/C
    SLICE_X6Y29          FDCE (Prop_fdce_C_Q)         0.518     0.518 r  mips_top/mips/dp/pc_reg/q_reg[2]/Q
                         net (fo=114, routed)         5.032     5.550    mips_top/mips/dp/pc_reg/Q[0]
    SLICE_X7Y39          LUT5 (Prop_lut5_I3_O)        0.124     5.674 r  mips_top/mips/dp/pc_reg/rf_reg_r2_0_31_0_5_i_3/O
                         net (fo=33, routed)          2.094     7.768    mips_top/mips/dp/rf/rf_reg_r2_0_31_0_5/ADDRA0
    SLICE_X8Y31          RAMD32 (Prop_ramd32_RADR0_O)
                                                      0.150     7.918 r  mips_top/mips/dp/rf/rf_reg_r2_0_31_0_5/RAMA/O
                         net (fo=3, routed)           0.994     8.912    mips_top/mips/dp/pc_reg/rd20[0]
    SLICE_X9Y30          LUT6 (Prop_lut6_I5_O)        0.328     9.240 r  mips_top/mips/dp/pc_reg/i__carry_i_13/O
                         net (fo=5, routed)           1.297    10.537    mips_top/mips/dp/pc_reg/q_reg[3]_0[0]
    SLICE_X12Y32         LUT3 (Prop_lut3_I0_O)        0.124    10.661 r  mips_top/mips/dp/pc_reg/i__carry_i_8/O
                         net (fo=1, routed)           0.000    10.661    mips_top/mips/dp/alu/S[0]
    SLICE_X12Y32         CARRY4 (Prop_carry4_S[0]_CO[3])
                                                      0.513    11.174 r  mips_top/mips/dp/alu/y0_inferred__2/i__carry/CO[3]
                         net (fo=1, routed)           0.000    11.174    mips_top/mips/dp/alu/y0_inferred__2/i__carry_n_0
    SLICE_X12Y33         CARRY4 (Prop_carry4_CI_CO[3])
                                                      0.117    11.291 r  mips_top/mips/dp/alu/y0_inferred__2/i__carry__0/CO[3]
                         net (fo=1, routed)           0.000    11.291    mips_top/mips/dp/alu/y0_inferred__2/i__carry__0_n_0
    SLICE_X12Y34         CARRY4 (Prop_carry4_CI_CO[3])
                                                      0.117    11.408 r  mips_top/mips/dp/alu/y0_inferred__2/i__carry__1/CO[3]
                         net (fo=1, routed)           0.000    11.408    mips_top/mips/dp/alu/y0_inferred__2/i__carry__1_n_0
    SLICE_X12Y35         CARRY4 (Prop_carry4_CI_CO[3])
                                                      0.117    11.525 r  mips_top/mips/dp/alu/y0_inferred__2/i__carry__2/CO[3]
                         net (fo=1, routed)           0.000    11.525    mips_top/mips/dp/alu/y0_inferred__2/i__carry__2_n_0
    SLICE_X12Y36         CARRY4 (Prop_carry4_CI_CO[3])
                                                      0.117    11.642 r  mips_top/mips/dp/alu/y0_inferred__2/i__carry__3/CO[3]
                         net (fo=1, routed)           0.000    11.642    mips_top/mips/dp/alu/y0_inferred__2/i__carry__3_n_0
    SLICE_X12Y37         CARRY4 (Prop_carry4_CI_CO[3])
                                                      0.117    11.759 r  mips_top/mips/dp/alu/y0_inferred__2/i__carry__4/CO[3]
                         net (fo=1, routed)           0.000    11.759    mips_top/mips/dp/alu/y0_inferred__2/i__carry__4_n_0
    SLICE_X12Y38         CARRY4 (Prop_carry4_CI_CO[3])
                                                      0.117    11.876 r  mips_top/mips/dp/alu/y0_inferred__2/i__carry__5/CO[3]
                         net (fo=1, routed)           0.000    11.876    mips_top/mips/dp/alu/y0_inferred__2/i__carry__5_n_0
    SLICE_X12Y39         CARRY4 (Prop_carry4_CI_O[1])
                                                      0.323    12.199 r  mips_top/mips/dp/alu/y0_inferred__2/i__carry__6/O[1]
                         net (fo=1, routed)           0.705    12.904    mips_top/mips/dp/pc_reg/y_carry_i_7_0[28]
    SLICE_X9Y39          LUT6 (Prop_lut6_I3_O)        0.306    13.210 r  mips_top/mips/dp/pc_reg/rf_reg_r1_0_31_24_29_i_11/O
                         net (fo=3, routed)           1.057    14.268    mips_top/mips/dp/pc_reg/rf_reg_r1_0_31_24_29_i_11_n_0
    SLICE_X7Y39          LUT6 (Prop_lut6_I5_O)        0.124    14.392 r  mips_top/mips/dp/pc_reg/reg_hex[13]_i_4/O
                         net (fo=1, routed)           0.556    14.948    mips_top/mips/dp/pc_reg/reg_hex[13]_i_4_n_0
    SLICE_X3Y39          LUT6 (Prop_lut6_I4_O)        0.124    15.072 r  mips_top/mips/dp/pc_reg/reg_hex[13]_i_1/O
                         net (fo=1, routed)           0.000    15.072    reg_hex[13]
    SLICE_X3Y39          FDRE                                         r  reg_hex_reg[13]/D
  -------------------------------------------------------------------    -------------------

                         (clock sys_clk_pin rise edge)
                                                      0.000     0.000 r  
    D13                                               0.000     0.000 r  clk (IN)
                         net (fo=0)                   0.000     0.000    clk
    D13                  IBUF (Prop_ibuf_I_O)         0.843     0.843 r  clk_IBUF_inst/O
                         net (fo=1, routed)           1.862     2.705    clk_IBUF
    BUFGCTRL_X0Y16       BUFG (Prop_bufg_I_O)         0.091     2.796 r  clk_IBUF_BUFG_inst/O
                         net (fo=49, routed)          1.512     4.309    clk_IBUF_BUFG
    SLICE_X3Y39          FDRE                                         r  reg_hex_reg[13]/C

Slack:                    inf
  Source:                 mips_top/mips/dp/pc_reg/q_reg[2]/C
                            (rising edge-triggered cell FDCE)
  Destination:            reg_hex_reg[12]/D
                            (rising edge-triggered cell FDRE clocked by sys_clk_pin  {rise@0.000ns fall@5.000ns period=10.000ns})
  Path Group:             (none)
  Path Type:              Setup (Max at Slow Process Corner)
  Data Path Delay:        15.031ns  (logic 3.221ns (21.430%)  route 11.810ns (78.570%))
  Logic Levels:           16  (CARRY4=8 FDCE=1 LUT3=1 LUT5=1 LUT6=4 RAMD32=1)
  Clock Uncertainty:      0.025ns  ((TSJ^2 + TIJ^2)^1/2 + DJ) / 2 + PE
    Total System Jitter     (TSJ):    0.050ns
    Total Input Jitter      (TIJ):    0.000ns
    Discrete Jitter          (DJ):    0.000ns
    Phase Error              (PE):    0.000ns

    Location             Delay type                Incr(ns)  Path(ns)    Netlist Resource(s)
  -------------------------------------------------------------------    -------------------
    SLICE_X6Y29          FDCE                         0.000     0.000 r  mips_top/mips/dp/pc_reg/q_reg[2]/C
    SLICE_X6Y29          FDCE (Prop_fdce_C_Q)         0.518     0.518 r  mips_top/mips/dp/pc_reg/q_reg[2]/Q
                         net (fo=114, routed)         5.032     5.550    mips_top/mips/dp/pc_reg/Q[0]
    SLICE_X7Y39          LUT5 (Prop_lut5_I3_O)        0.124     5.674 r  mips_top/mips/dp/pc_reg/rf_reg_r2_0_31_0_5_i_3/O
                         net (fo=33, routed)          2.094     7.768    mips_top/mips/dp/rf/rf_reg_r2_0_31_0_5/ADDRA0
    SLICE_X8Y31          RAMD32 (Prop_ramd32_RADR0_O)
                                                      0.150     7.918 r  mips_top/mips/dp/rf/rf_reg_r2_0_31_0_5/RAMA/O
                         net (fo=3, routed)           0.994     8.912    mips_top/mips/dp/pc_reg/rd20[0]
    SLICE_X9Y30          LUT6 (Prop_lut6_I5_O)        0.328     9.240 r  mips_top/mips/dp/pc_reg/i__carry_i_13/O
                         net (fo=5, routed)           1.297    10.537    mips_top/mips/dp/pc_reg/q_reg[3]_0[0]
    SLICE_X12Y32         LUT3 (Prop_lut3_I0_O)        0.124    10.661 r  mips_top/mips/dp/pc_reg/i__carry_i_8/O
                         net (fo=1, routed)           0.000    10.661    mips_top/mips/dp/alu/S[0]
    SLICE_X12Y32         CARRY4 (Prop_carry4_S[0]_CO[3])
                                                      0.513    11.174 r  mips_top/mips/dp/alu/y0_inferred__2/i__carry/CO[3]
                         net (fo=1, routed)           0.000    11.174    mips_top/mips/dp/alu/y0_inferred__2/i__carry_n_0
    SLICE_X12Y33         CARRY4 (Prop_carry4_CI_CO[3])
                                                      0.117    11.291 r  mips_top/mips/dp/alu/y0_inferred__2/i__carry__0/CO[3]
                         net (fo=1, routed)           0.000    11.291    mips_top/mips/dp/alu/y0_inferred__2/i__carry__0_n_0
    SLICE_X12Y34         CARRY4 (Prop_carry4_CI_CO[3])
                                                      0.117    11.408 r  mips_top/mips/dp/alu/y0_inferred__2/i__carry__1/CO[3]
                         net (fo=1, routed)           0.000    11.408    mips_top/mips/dp/alu/y0_inferred__2/i__carry__1_n_0
    SLICE_X12Y35         CARRY4 (Prop_carry4_CI_CO[3])
                                                      0.117    11.525 r  mips_top/mips/dp/alu/y0_inferred__2/i__carry__2/CO[3]
                         net (fo=1, routed)           0.000    11.525    mips_top/mips/dp/alu/y0_inferred__2/i__carry__2_n_0
    SLICE_X12Y36         CARRY4 (Prop_carry4_CI_CO[3])
                                                      0.117    11.642 r  mips_top/mips/dp/alu/y0_inferred__2/i__carry__3/CO[3]
                         net (fo=1, routed)           0.000    11.642    mips_top/mips/dp/alu/y0_inferred__2/i__carry__3_n_0
    SLICE_X12Y37         CARRY4 (Prop_carry4_CI_CO[3])
                                                      0.117    11.759 r  mips_top/mips/dp/alu/y0_inferred__2/i__carry__4/CO[3]
                         net (fo=1, routed)           0.000    11.759    mips_top/mips/dp/alu/y0_inferred__2/i__carry__4_n_0
    SLICE_X12Y38         CARRY4 (Prop_carry4_CI_CO[3])
                                                      0.117    11.876 r  mips_top/mips/dp/alu/y0_inferred__2/i__carry__5/CO[3]
                         net (fo=1, routed)           0.000    11.876    mips_top/mips/dp/alu/y0_inferred__2/i__carry__5_n_0
    SLICE_X12Y39         CARRY4 (Prop_carry4_CI_O[0])
                                                      0.219    12.095 r  mips_top/mips/dp/alu/y0_inferred__2/i__carry__6/O[0]
                         net (fo=1, routed)           0.465    12.560    mips_top/mips/dp/pc_reg/y_carry_i_7_0[27]
    SLICE_X9Y39          LUT6 (Prop_lut6_I3_O)        0.295    12.855 r  mips_top/mips/dp/pc_reg/rf_reg_r1_0_31_24_29_i_12/O
                         net (fo=3, routed)           1.211    14.066    mips_top/mips/dp/pc_reg/rf_reg_r1_0_31_24_29_i_12_n_0
    SLICE_X7Y36          LUT6 (Prop_lut6_I5_O)        0.124    14.190 r  mips_top/mips/dp/pc_reg/reg_hex[12]_i_4/O
                         net (fo=1, routed)           0.717    14.907    mips_top/mips/dp/pc_reg/reg_hex[12]_i_4_n_0
    SLICE_X1Y36          LUT6 (Prop_lut6_I4_O)        0.124    15.031 r  mips_top/mips/dp/pc_reg/reg_hex[12]_i_1/O
                         net (fo=1, routed)           0.000    15.031    reg_hex[12]
    SLICE_X1Y36          FDRE                                         r  reg_hex_reg[12]/D
  -------------------------------------------------------------------    -------------------

                         (clock sys_clk_pin rise edge)
                                                      0.000     0.000 r  
    D13                                               0.000     0.000 r  clk (IN)
                         net (fo=0)                   0.000     0.000    clk
    D13                  IBUF (Prop_ibuf_I_O)         0.843     0.843 r  clk_IBUF_inst/O
                         net (fo=1, routed)           1.862     2.705    clk_IBUF
    BUFGCTRL_X0Y16       BUFG (Prop_bufg_I_O)         0.091     2.796 r  clk_IBUF_BUFG_inst/O
                         net (fo=49, routed)          1.509     4.306    clk_IBUF_BUFG
    SLICE_X1Y36          FDRE                                         r  reg_hex_reg[12]/C





Min Delay Paths
--------------------------------------------------------------------------------------
Slack:                    inf
  Source:                 mips_top/mips/dp/pc_reg/q_reg[31]/C
                            (rising edge-triggered cell FDCE)
  Destination:            reg_hex_reg[15]/D
                            (rising edge-triggered cell FDRE clocked by sys_clk_pin  {rise@0.000ns fall@5.000ns period=10.000ns})
  Path Group:             (none)
  Path Type:              Hold (Min at Fast Process Corner)
  Data Path Delay:        0.404ns  (logic 0.231ns (57.109%)  route 0.173ns (42.891%))
  Logic Levels:           3  (FDCE=1 LUT6=2)
  Clock Uncertainty:      0.025ns  ((TSJ^2 + TIJ^2)^1/2 + DJ) / 2 + PE
    Total System Jitter     (TSJ):    0.050ns
    Total Input Jitter      (TIJ):    0.000ns
    Discrete Jitter          (DJ):    0.000ns
    Phase Error              (PE):    0.000ns

    Location             Delay type                Incr(ns)  Path(ns)    Netlist Resource(s)
  -------------------------------------------------------------------    -------------------
    SLICE_X4Y39          FDCE                         0.000     0.000 r  mips_top/mips/dp/pc_reg/q_reg[31]/C
    SLICE_X4Y39          FDCE (Prop_fdce_C_Q)         0.141     0.141 r  mips_top/mips/dp/pc_reg/q_reg[31]/Q
                         net (fo=2, routed)           0.122     0.263    mips_top/mips/dp/pc_reg/Q[29]
    SLICE_X3Y38          LUT6 (Prop_lut6_I0_O)        0.045     0.308 r  mips_top/mips/dp/pc_reg/reg_hex[15]_i_5/O
                         net (fo=1, routed)           0.051     0.359    mips_top/mips/dp/pc_reg/reg_hex[15]_i_5_n_0
    SLICE_X3Y38          LUT6 (Prop_lut6_I5_O)        0.045     0.404 r  mips_top/mips/dp/pc_reg/reg_hex[15]_i_1/O
                         net (fo=1, routed)           0.000     0.404    reg_hex[15]
    SLICE_X3Y38          FDRE                                         r  reg_hex_reg[15]/D
  -------------------------------------------------------------------    -------------------

                         (clock sys_clk_pin rise edge)
                                                      0.000     0.000 r  
    D13                                               0.000     0.000 r  clk (IN)
                         net (fo=0)                   0.000     0.000    clk
    D13                  IBUF (Prop_ibuf_I_O)         0.395     0.395 r  clk_IBUF_inst/O
                         net (fo=1, routed)           0.685     1.079    clk_IBUF
    BUFGCTRL_X0Y16       BUFG (Prop_bufg_I_O)         0.029     1.108 r  clk_IBUF_BUFG_inst/O
                         net (fo=49, routed)          0.862     1.970    clk_IBUF_BUFG
    SLICE_X3Y38          FDRE                                         r  reg_hex_reg[15]/C

Slack:                    inf
  Source:                 mips_top/mips/dp/pc_reg/q_reg[26]/C
                            (rising edge-triggered cell FDCE)
  Destination:            reg_hex_reg[10]/D
                            (rising edge-triggered cell FDRE clocked by sys_clk_pin  {rise@0.000ns fall@5.000ns period=10.000ns})
  Path Group:             (none)
  Path Type:              Hold (Min at Fast Process Corner)
  Data Path Delay:        0.451ns  (logic 0.254ns (56.291%)  route 0.197ns (43.709%))
  Logic Levels:           3  (FDCE=1 LUT6=2)
  Clock Uncertainty:      0.025ns  ((TSJ^2 + TIJ^2)^1/2 + DJ) / 2 + PE
    Total System Jitter     (TSJ):    0.050ns
    Total Input Jitter      (TIJ):    0.000ns
    Discrete Jitter          (DJ):    0.000ns
    Phase Error              (PE):    0.000ns

    Location             Delay type                Incr(ns)  Path(ns)    Netlist Resource(s)
  -------------------------------------------------------------------    -------------------
    SLICE_X2Y37          FDCE                         0.000     0.000 r  mips_top/mips/dp/pc_reg/q_reg[26]/C
    SLICE_X2Y37          FDCE (Prop_fdce_C_Q)         0.164     0.164 r  mips_top/mips/dp/pc_reg/q_reg[26]/Q
                         net (fo=2, routed)           0.062     0.226    mips_top/mips/dp/pc_reg/Q[24]
    SLICE_X3Y37          LUT6 (Prop_lut6_I0_O)        0.045     0.271 r  mips_top/mips/dp/pc_reg/reg_hex[10]_i_4/O
                         net (fo=1, routed)           0.135     0.406    mips_top/mips/dp/pc_reg/reg_hex[10]_i_4_n_0
    SLICE_X3Y37          LUT6 (Prop_lut6_I5_O)        0.045     0.451 r  mips_top/mips/dp/pc_reg/reg_hex[10]_i_1/O
                         net (fo=1, routed)           0.000     0.451    reg_hex[10]
    SLICE_X3Y37          FDRE                                         r  reg_hex_reg[10]/D
  -------------------------------------------------------------------    -------------------

                         (clock sys_clk_pin rise edge)
                                                      0.000     0.000 r  
    D13                                               0.000     0.000 r  clk (IN)
                         net (fo=0)                   0.000     0.000    clk
    D13                  IBUF (Prop_ibuf_I_O)         0.395     0.395 r  clk_IBUF_inst/O
                         net (fo=1, routed)           0.685     1.079    clk_IBUF
    BUFGCTRL_X0Y16       BUFG (Prop_bufg_I_O)         0.029     1.108 r  clk_IBUF_BUFG_inst/O
                         net (fo=49, routed)          0.860     1.968    clk_IBUF_BUFG
    SLICE_X3Y37          FDRE                                         r  reg_hex_reg[10]/C

Slack:                    inf
  Source:                 mips_top/mips/dp/pc_reg/q_reg[16]/C
                            (rising edge-triggered cell FDCE)
  Destination:            reg_hex_reg[0]/D
                            (rising edge-triggered cell FDRE clocked by sys_clk_pin  {rise@0.000ns fall@5.000ns period=10.000ns})
  Path Group:             (none)
  Path Type:              Hold (Min at Fast Process Corner)
  Data Path Delay:        0.498ns  (logic 0.254ns (51.044%)  route 0.244ns (48.956%))
  Logic Levels:           3  (FDCE=1 LUT5=1 LUT6=1)
  Clock Uncertainty:      0.025ns  ((TSJ^2 + TIJ^2)^1/2 + DJ) / 2 + PE
    Total System Jitter     (TSJ):    0.050ns
    Total Input Jitter      (TIJ):    0.000ns
    Discrete Jitter          (DJ):    0.000ns
    Phase Error              (PE):    0.000ns

    Location             Delay type                Incr(ns)  Path(ns)    Netlist Resource(s)
  -------------------------------------------------------------------    -------------------
    SLICE_X2Y34          FDCE                         0.000     0.000 r  mips_top/mips/dp/pc_reg/q_reg[16]/C
    SLICE_X2Y34          FDCE (Prop_fdce_C_Q)         0.164     0.164 r  mips_top/mips/dp/pc_reg/q_reg[16]/Q
                         net (fo=2, routed)           0.192     0.356    mips_top/mips/dp/pc_reg/Q[14]
    SLICE_X1Y34          LUT5 (Prop_lut5_I0_O)        0.045     0.401 r  mips_top/mips/dp/pc_reg/reg_hex[0]_i_5/O
                         net (fo=1, routed)           0.051     0.453    mips_top/mips/dp/pc_reg/reg_hex[0]_i_5_n_0
    SLICE_X1Y34          LUT6 (Prop_lut6_I5_O)        0.045     0.498 r  mips_top/mips/dp/pc_reg/reg_hex[0]_i_1/O
                         net (fo=1, routed)           0.000     0.498    reg_hex[0]
    SLICE_X1Y34          FDRE                                         r  reg_hex_reg[0]/D
  -------------------------------------------------------------------    -------------------

                         (clock sys_clk_pin rise edge)
                                                      0.000     0.000 r  
    D13                                               0.000     0.000 r  clk (IN)
                         net (fo=0)                   0.000     0.000    clk
    D13                  IBUF (Prop_ibuf_I_O)         0.395     0.395 r  clk_IBUF_inst/O
                         net (fo=1, routed)           0.685     1.079    clk_IBUF
    BUFGCTRL_X0Y16       BUFG (Prop_bufg_I_O)         0.029     1.108 r  clk_IBUF_BUFG_inst/O
                         net (fo=49, routed)          0.858     1.966    clk_IBUF_BUFG
    SLICE_X1Y34          FDRE                                         r  reg_hex_reg[0]/C

Slack:                    inf
  Source:                 mips_top/mips/dp/pc_reg/q_reg[8]/C
                            (rising edge-triggered cell FDCE)
  Destination:            reg_hex_reg[8]/D
                            (rising edge-triggered cell FDRE clocked by sys_clk_pin  {rise@0.000ns fall@5.000ns period=10.000ns})
  Path Group:             (none)
  Path Type:              Hold (Min at Fast Process Corner)
  Data Path Delay:        0.517ns  (logic 0.231ns (44.661%)  route 0.286ns (55.339%))
  Logic Levels:           3  (FDCE=1 LUT5=1 LUT6=1)
  Clock Uncertainty:      0.025ns  ((TSJ^2 + TIJ^2)^1/2 + DJ) / 2 + PE
    Total System Jitter     (TSJ):    0.050ns
    Total Input Jitter      (TIJ):    0.000ns
    Discrete Jitter          (DJ):    0.000ns
    Phase Error              (PE):    0.000ns

    Location             Delay type                Incr(ns)  Path(ns)    Netlist Resource(s)
  -------------------------------------------------------------------    -------------------
    SLICE_X3Y32          FDCE                         0.000     0.000 r  mips_top/mips/dp/pc_reg/q_reg[8]/C
    SLICE_X3Y32          FDCE (Prop_fdce_C_Q)         0.141     0.141 r  mips_top/mips/dp/pc_reg/q_reg[8]/Q
                         net (fo=3, routed)           0.151     0.292    mips_top/mips/dp/pc_reg/Q[6]
    SLICE_X3Y33          LUT6 (Prop_lut6_I4_O)        0.045     0.337 r  mips_top/mips/dp/pc_reg/reg_hex[8]_i_4/O
                         net (fo=1, routed)           0.135     0.472    mips_top/mips/dp/pc_reg/reg_hex[8]_i_4_n_0
    SLICE_X3Y33          LUT5 (Prop_lut5_I4_O)        0.045     0.517 r  mips_top/mips/dp/pc_reg/reg_hex[8]_i_1/O
                         net (fo=1, routed)           0.000     0.517    reg_hex[8]
    SLICE_X3Y33          FDRE                                         r  reg_hex_reg[8]/D
  -------------------------------------------------------------------    -------------------

                         (clock sys_clk_pin rise edge)
                                                      0.000     0.000 r  
    D13                                               0.000     0.000 r  clk (IN)
                         net (fo=0)                   0.000     0.000    clk
    D13                  IBUF (Prop_ibuf_I_O)         0.395     0.395 r  clk_IBUF_inst/O
                         net (fo=1, routed)           0.685     1.079    clk_IBUF
    BUFGCTRL_X0Y16       BUFG (Prop_bufg_I_O)         0.029     1.108 r  clk_IBUF_BUFG_inst/O
                         net (fo=49, routed)          0.857     1.965    clk_IBUF_BUFG
    SLICE_X3Y33          FDRE                                         r  reg_hex_reg[8]/C

Slack:                    inf
  Source:                 mips_top/mips/dp/pc_reg/q_reg[29]/C
                            (rising edge-triggered cell FDCE)
  Destination:            reg_hex_reg[13]/D
                            (rising edge-triggered cell FDRE clocked by sys_clk_pin  {rise@0.000ns fall@5.000ns period=10.000ns})
  Path Group:             (none)
  Path Type:              Hold (Min at Fast Process Corner)
  Data Path Delay:        0.524ns  (logic 0.231ns (44.064%)  route 0.293ns (55.936%))
  Logic Levels:           3  (FDCE=1 LUT6=2)
  Clock Uncertainty:      0.025ns  ((TSJ^2 + TIJ^2)^1/2 + DJ) / 2 + PE
    Total System Jitter     (TSJ):    0.050ns
    Total Input Jitter      (TIJ):    0.000ns
    Discrete Jitter          (DJ):    0.000ns
    Phase Error              (PE):    0.000ns

    Location             Delay type                Incr(ns)  Path(ns)    Netlist Resource(s)
  -------------------------------------------------------------------    -------------------
    SLICE_X4Y39          FDCE                         0.000     0.000 r  mips_top/mips/dp/pc_reg/q_reg[29]/C
    SLICE_X4Y39          FDCE (Prop_fdce_C_Q)         0.141     0.141 r  mips_top/mips/dp/pc_reg/q_reg[29]/Q
                         net (fo=2, routed)           0.099     0.240    mips_top/mips/dp/pc_reg/Q[27]
    SLICE_X5Y39          LUT6 (Prop_lut6_I0_O)        0.045     0.285 r  mips_top/mips/dp/pc_reg/reg_hex[13]_i_5/O
                         net (fo=1, routed)           0.194     0.479    mips_top/mips/dp/pc_reg/reg_hex[13]_i_5_n_0
    SLICE_X3Y39          LUT6 (Prop_lut6_I5_O)        0.045     0.524 r  mips_top/mips/dp/pc_reg/reg_hex[13]_i_1/O
                         net (fo=1, routed)           0.000     0.524    reg_hex[13]
    SLICE_X3Y39          FDRE                                         r  reg_hex_reg[13]/D
  -------------------------------------------------------------------    -------------------

                         (clock sys_clk_pin rise edge)
                                                      0.000     0.000 r  
    D13                                               0.000     0.000 r  clk (IN)
                         net (fo=0)                   0.000     0.000    clk
    D13                  IBUF (Prop_ibuf_I_O)         0.395     0.395 r  clk_IBUF_inst/O
                         net (fo=1, routed)           0.685     1.079    clk_IBUF
    BUFGCTRL_X0Y16       BUFG (Prop_bufg_I_O)         0.029     1.108 r  clk_IBUF_BUFG_inst/O
                         net (fo=49, routed)          0.862     1.970    clk_IBUF_BUFG
    SLICE_X3Y39          FDRE                                         r  reg_hex_reg[13]/C

Slack:                    inf
  Source:                 mips_top/mips/dp/pc_reg/q_reg[20]/C
                            (rising edge-triggered cell FDCE)
  Destination:            reg_hex_reg[4]/D
                            (rising edge-triggered cell FDRE clocked by sys_clk_pin  {rise@0.000ns fall@5.000ns period=10.000ns})
  Path Group:             (none)
  Path Type:              Hold (Min at Fast Process Corner)
  Data Path Delay:        0.540ns  (logic 0.254ns (47.072%)  route 0.286ns (52.928%))
  Logic Levels:           3  (FDCE=1 LUT5=1 LUT6=1)
  Clock Uncertainty:      0.025ns  ((TSJ^2 + TIJ^2)^1/2 + DJ) / 2 + PE
    Total System Jitter     (TSJ):    0.050ns
    Total Input Jitter      (TIJ):    0.000ns
    Discrete Jitter          (DJ):    0.000ns
    Phase Error              (PE):    0.000ns

    Location             Delay type                Incr(ns)  Path(ns)    Netlist Resource(s)
  -------------------------------------------------------------------    -------------------
    SLICE_X2Y36          FDCE                         0.000     0.000 r  mips_top/mips/dp/pc_reg/q_reg[20]/C
    SLICE_X2Y36          FDCE (Prop_fdce_C_Q)         0.164     0.164 r  mips_top/mips/dp/pc_reg/q_reg[20]/Q
                         net (fo=2, routed)           0.234     0.398    mips_top/mips/dp/pc_reg/Q[18]
    SLICE_X3Y36          LUT6 (Prop_lut6_I0_O)        0.045     0.443 r  mips_top/mips/dp/pc_reg/reg_hex[4]_i_4/O
                         net (fo=1, routed)           0.051     0.495    mips_top/mips/dp/pc_reg/reg_hex[4]_i_4_n_0
    SLICE_X3Y36          LUT5 (Prop_lut5_I4_O)        0.045     0.540 r  mips_top/mips/dp/pc_reg/reg_hex[4]_i_1/O
                         net (fo=1, routed)           0.000     0.540    reg_hex[4]
    SLICE_X3Y36          FDRE                                         r  reg_hex_reg[4]/D
  -------------------------------------------------------------------    -------------------

                         (clock sys_clk_pin rise edge)
                                                      0.000     0.000 r  
    D13                                               0.000     0.000 r  clk (IN)
                         net (fo=0)                   0.000     0.000    clk
    D13                  IBUF (Prop_ibuf_I_O)         0.395     0.395 r  clk_IBUF_inst/O
                         net (fo=1, routed)           0.685     1.079    clk_IBUF
    BUFGCTRL_X0Y16       BUFG (Prop_bufg_I_O)         0.029     1.108 r  clk_IBUF_BUFG_inst/O
                         net (fo=49, routed)          0.859     1.967    clk_IBUF_BUFG
    SLICE_X3Y36          FDRE                                         r  reg_hex_reg[4]/C

Slack:                    inf
  Source:                 mips_top/mips/dp/pc_reg/q_reg[9]/C
                            (rising edge-triggered cell FDCE)
  Destination:            reg_hex_reg[9]/D
                            (rising edge-triggered cell FDRE clocked by sys_clk_pin  {rise@0.000ns fall@5.000ns period=10.000ns})
  Path Group:             (none)
  Path Type:              Hold (Min at Fast Process Corner)
  Data Path Delay:        0.544ns  (logic 0.231ns (42.448%)  route 0.313ns (57.552%))
  Logic Levels:           3  (FDCE=1 LUT5=1 LUT6=1)
  Clock Uncertainty:      0.025ns  ((TSJ^2 + TIJ^2)^1/2 + DJ) / 2 + PE
    Total System Jitter     (TSJ):    0.050ns
    Total Input Jitter      (TIJ):    0.000ns
    Discrete Jitter          (DJ):    0.000ns
    Phase Error              (PE):    0.000ns

    Location             Delay type                Incr(ns)  Path(ns)    Netlist Resource(s)
  -------------------------------------------------------------------    -------------------
    SLICE_X7Y33          FDCE                         0.000     0.000 r  mips_top/mips/dp/pc_reg/q_reg[9]/C
    SLICE_X7Y33          FDCE (Prop_fdce_C_Q)         0.141     0.141 r  mips_top/mips/dp/pc_reg/q_reg[9]/Q
                         net (fo=3, routed)           0.178     0.319    mips_top/mips/dp/pc_reg/Q[7]
    SLICE_X1Y33          LUT6 (Prop_lut6_I4_O)        0.045     0.364 r  mips_top/mips/dp/pc_reg/reg_hex[9]_i_4/O
                         net (fo=1, routed)           0.135     0.499    mips_top/mips/dp/pc_reg/reg_hex[9]_i_4_n_0
    SLICE_X1Y33          LUT5 (Prop_lut5_I4_O)        0.045     0.544 r  mips_top/mips/dp/pc_reg/reg_hex[9]_i_1/O
                         net (fo=1, routed)           0.000     0.544    reg_hex[9]
    SLICE_X1Y33          FDRE                                         r  reg_hex_reg[9]/D
  -------------------------------------------------------------------    -------------------

                         (clock sys_clk_pin rise edge)
                                                      0.000     0.000 r  
    D13                                               0.000     0.000 r  clk (IN)
                         net (fo=0)                   0.000     0.000    clk
    D13                  IBUF (Prop_ibuf_I_O)         0.395     0.395 r  clk_IBUF_inst/O
                         net (fo=1, routed)           0.685     1.079    clk_IBUF
    BUFGCTRL_X0Y16       BUFG (Prop_bufg_I_O)         0.029     1.108 r  clk_IBUF_BUFG_inst/O
                         net (fo=49, routed)          0.857     1.965    clk_IBUF_BUFG
    SLICE_X1Y33          FDRE                                         r  reg_hex_reg[9]/C

Slack:                    inf
  Source:                 mips_top/mips/dp/pc_reg/q_reg[12]/C
                            (rising edge-triggered cell FDCE)
  Destination:            reg_hex_reg[12]/D
                            (rising edge-triggered cell FDRE clocked by sys_clk_pin  {rise@0.000ns fall@5.000ns period=10.000ns})
  Path Group:             (none)
  Path Type:              Hold (Min at Fast Process Corner)
  Data Path Delay:        0.547ns  (logic 0.254ns (46.460%)  route 0.293ns (53.540%))
  Logic Levels:           3  (FDCE=1 LUT6=2)
  Clock Uncertainty:      0.025ns  ((TSJ^2 + TIJ^2)^1/2 + DJ) / 2 + PE
    Total System Jitter     (TSJ):    0.050ns
    Total Input Jitter      (TIJ):    0.000ns
    Discrete Jitter          (DJ):    0.000ns
    Phase Error              (PE):    0.000ns

    Location             Delay type                Incr(ns)  Path(ns)    Netlist Resource(s)
  -------------------------------------------------------------------    -------------------
    SLICE_X2Y34          FDCE                         0.000     0.000 r  mips_top/mips/dp/pc_reg/q_reg[12]/C
    SLICE_X2Y34          FDCE (Prop_fdce_C_Q)         0.164     0.164 r  mips_top/mips/dp/pc_reg/q_reg[12]/Q
                         net (fo=3, routed)           0.166     0.330    mips_top/mips/dp/pc_reg/Q[10]
    SLICE_X3Y36          LUT6 (Prop_lut6_I4_O)        0.045     0.375 r  mips_top/mips/dp/pc_reg/reg_hex[12]_i_5/O
                         net (fo=1, routed)           0.127     0.502    mips_top/mips/dp/pc_reg/reg_hex[12]_i_5_n_0
    SLICE_X1Y36          LUT6 (Prop_lut6_I5_O)        0.045     0.547 r  mips_top/mips/dp/pc_reg/reg_hex[12]_i_1/O
                         net (fo=1, routed)           0.000     0.547    reg_hex[12]
    SLICE_X1Y36          FDRE                                         r  reg_hex_reg[12]/D
  -------------------------------------------------------------------    -------------------

                         (clock sys_clk_pin rise edge)
                                                      0.000     0.000 r  
    D13                                               0.000     0.000 r  clk (IN)
                         net (fo=0)                   0.000     0.000    clk
    D13                  IBUF (Prop_ibuf_I_O)         0.395     0.395 r  clk_IBUF_inst/O
                         net (fo=1, routed)           0.685     1.079    clk_IBUF
    BUFGCTRL_X0Y16       BUFG (Prop_bufg_I_O)         0.029     1.108 r  clk_IBUF_BUFG_inst/O
                         net (fo=49, routed)          0.859     1.967    clk_IBUF_BUFG
    SLICE_X1Y36          FDRE                                         r  reg_hex_reg[12]/C

Slack:                    inf
  Source:                 mips_top/mips/dp/pc_reg/q_reg[21]/C
                            (rising edge-triggered cell FDCE)
  Destination:            reg_hex_reg[5]/D
                            (rising edge-triggered cell FDRE clocked by sys_clk_pin  {rise@0.000ns fall@5.000ns period=10.000ns})
  Path Group:             (none)
  Path Type:              Hold (Min at Fast Process Corner)
  Data Path Delay:        0.601ns  (logic 0.254ns (42.249%)  route 0.347ns (57.751%))
  Logic Levels:           3  (FDCE=1 LUT6=2)
  Clock Uncertainty:      0.025ns  ((TSJ^2 + TIJ^2)^1/2 + DJ) / 2 + PE
    Total System Jitter     (TSJ):    0.050ns
    Total Input Jitter      (TIJ):    0.000ns
    Discrete Jitter          (DJ):    0.000ns
    Phase Error              (PE):    0.000ns

    Location             Delay type                Incr(ns)  Path(ns)    Netlist Resource(s)
  -------------------------------------------------------------------    -------------------
    SLICE_X2Y37          FDCE                         0.000     0.000 r  mips_top/mips/dp/pc_reg/q_reg[21]/C
    SLICE_X2Y37          FDCE (Prop_fdce_C_Q)         0.164     0.164 r  mips_top/mips/dp/pc_reg/q_reg[21]/Q
                         net (fo=2, routed)           0.293     0.457    mips_top/mips/dp/pc_reg/Q[19]
    SLICE_X2Y38          LUT6 (Prop_lut6_I0_O)        0.045     0.502 r  mips_top/mips/dp/pc_reg/reg_hex[5]_i_5/O
                         net (fo=1, routed)           0.054     0.556    mips_top/mips/dp/pc_reg/reg_hex[5]_i_5_n_0
    SLICE_X2Y38          LUT6 (Prop_lut6_I5_O)        0.045     0.601 r  mips_top/mips/dp/pc_reg/reg_hex[5]_i_1/O
                         net (fo=1, routed)           0.000     0.601    reg_hex[5]
    SLICE_X2Y38          FDRE                                         r  reg_hex_reg[5]/D
  -------------------------------------------------------------------    -------------------

                         (clock sys_clk_pin rise edge)
                                                      0.000     0.000 r  
    D13                                               0.000     0.000 r  clk (IN)
                         net (fo=0)                   0.000     0.000    clk
    D13                  IBUF (Prop_ibuf_I_O)         0.395     0.395 r  clk_IBUF_inst/O
                         net (fo=1, routed)           0.685     1.079    clk_IBUF
    BUFGCTRL_X0Y16       BUFG (Prop_bufg_I_O)         0.029     1.108 r  clk_IBUF_BUFG_inst/O
                         net (fo=49, routed)          0.862     1.970    clk_IBUF_BUFG
    SLICE_X2Y38          FDRE                                         r  reg_hex_reg[5]/C

Slack:                    inf
  Source:                 mips_top/mips/dp/pc_reg/q_reg[23]/C
                            (rising edge-triggered cell FDCE)
  Destination:            reg_hex_reg[7]/D
                            (rising edge-triggered cell FDRE clocked by sys_clk_pin  {rise@0.000ns fall@5.000ns period=10.000ns})
  Path Group:             (none)
  Path Type:              Hold (Min at Fast Process Corner)
  Data Path Delay:        0.613ns  (logic 0.231ns (37.709%)  route 0.382ns (62.291%))
  Logic Levels:           3  (FDCE=1 LUT6=2)
  Clock Uncertainty:      0.025ns  ((TSJ^2 + TIJ^2)^1/2 + DJ) / 2 + PE
    Total System Jitter     (TSJ):    0.050ns
    Total Input Jitter      (TIJ):    0.000ns
    Discrete Jitter          (DJ):    0.000ns
    Phase Error              (PE):    0.000ns

    Location             Delay type                Incr(ns)  Path(ns)    Netlist Resource(s)
  -------------------------------------------------------------------    -------------------
    SLICE_X5Y39          FDCE                         0.000     0.000 r  mips_top/mips/dp/pc_reg/q_reg[23]/C
    SLICE_X5Y39          FDCE (Prop_fdce_C_Q)         0.141     0.141 r  mips_top/mips/dp/pc_reg/q_reg[23]/Q
                         net (fo=2, routed)           0.168     0.309    mips_top/mips/dp/pc_reg/Q[21]
    SLICE_X7Y37          LUT6 (Prop_lut6_I0_O)        0.045     0.354 r  mips_top/mips/dp/pc_reg/reg_hex[7]_i_5/O
                         net (fo=1, routed)           0.213     0.568    mips_top/mips/dp/pc_reg/reg_hex[7]_i_5_n_0
    SLICE_X7Y37          LUT6 (Prop_lut6_I5_O)        0.045     0.613 r  mips_top/mips/dp/pc_reg/reg_hex[7]_i_1/O
                         net (fo=1, routed)           0.000     0.613    reg_hex[7]
    SLICE_X7Y37          FDRE                                         r  reg_hex_reg[7]/D
  -------------------------------------------------------------------    -------------------

                         (clock sys_clk_pin rise edge)
                                                      0.000     0.000 r  
    D13                                               0.000     0.000 r  clk (IN)
                         net (fo=0)                   0.000     0.000    clk
    D13                  IBUF (Prop_ibuf_I_O)         0.395     0.395 r  clk_IBUF_inst/O
                         net (fo=1, routed)           0.685     1.079    clk_IBUF
    BUFGCTRL_X0Y16       BUFG (Prop_bufg_I_O)         0.029     1.108 r  clk_IBUF_BUFG_inst/O
                         net (fo=49, routed)          0.858     1.966    clk_IBUF_BUFG
    SLICE_X7Y37          FDRE                                         r  reg_hex_reg[7]/C





